id,keyword,matchType,replyTemplate,category,targetType,targetNamesJson,priority,enabled,createdAt,updatedAt,tenantId,syncVersion,deleted,remoteId
1271,"泳池儿童池收费",CONTAINS,"亲，可选循环用水，水质洁净价格低：
儿童池（带水上设备）150元/晚，大泳池200元/晚，任选其一，两项同订350元","",ALL,[],0,1,1780587036853,1780587036853,30c30b28-89d0-4db8-bed4-7666b065355e,178280419468,0,30c30b28-89d0-4db8-bed4-7666b065355e_366
1272,"羊, 全羊",CONTAINS,"亲，下完单之后，到时我帮您问一下相关的商家，发给您哦！","通用问题",PROPERTY,"[""通用问题""]",0,1,1780193934313,1780193934313,30c30b28-89d0-4db8-bed4-7666b065355e,178280419468,0,30c30b28-89d0-4db8-bed4-7666b065355e_364
1273,"单独包厢, 独立包厢, 包厢",CONTAINS,"亲，别墅有一个带卡拉OK的房间，内置两张沙发床，收起是包厢，展开就是卧室；（具体是否包含看平台须知）","通用问题",PROPERTY,"[""通用问题""]",0,1,1780193934314,1780193934314,30c30b28-89d0-4db8-bed4-7666b065355e,178280419468,0,30c30b28-89d0-4db8-bed4-7666b065355e_365
1274,"你好, hello, 早上好",CONTAINS,"你好呀！","通用问题",PROPERTY,"[""通用问题""]",0,1,1780193934308,1780193934308,30c30b28-89d0-4db8-bed4-7666b065355e,178280419468,0,30c30b28-89d0-4db8-bed4-7666b065355e_362
1275,"厨具, 餐具, 厨房, 碗, 筷子, 锅, 做饭, 炒菜, 炒锅, 煮, 饮",CONTAINS,"亲，咱们的厨具能满足基本做饭需求，像电饭煲、电磁炉、炒锅、汤锅这些都有。具体的您可以在平台列表里看，下单后我让房东发您一份详细的厨具清单。要是您特别在意某类厨具，也可以告诉我，我帮您问问再回复您～ 这样是不是清楚多啦？🌷","通用问题",PROPERTY,"[""通用问题""]",0,1,1780193934290,1780193934290,30c30b28-89d0-4db8-bed4-7666b065355e,178280419468,0,30c30b28-89d0-4db8-bed4-7666b065355e_354
1276,"独立卫生间",CONTAINS,"亲，别墅内其中有三个房间，配备独立卫生间；","通用问题",PROPERTY,"[""通用问题""]",0,1,1780193934296,1780193934296,30c30b28-89d0-4db8-bed4-7666b065355e,178280419468,0,30c30b28-89d0-4db8-bed4-7666b065355e_357
1277,"燃气",CONTAINS,"厨房带有燃气灶，可以使用天然气做饭","通用问题",PROPERTY,"[""通用问题""]",0,1,1780193934303,1780193934303,30c30b28-89d0-4db8-bed4-7666b065355e,178280419468,0,30c30b28-89d0-4db8-bed4-7666b065355e_360
1278,"烟花",CONTAINS,"别墅内禁止燃放烟花（园区绿化茂密，燃放易引发火灾）；若有需求，可登上别墅楼顶观察烟花集中闪烁处，前往度假区公共燃放区域安全燃放~","通用问题",PROPERTY,"[""通用问题""]",0,1,1780193934305,1780193934305,30c30b28-89d0-4db8-bed4-7666b065355e,178280419468,0,30c30b28-89d0-4db8-bed4-7666b065355e_361
1279,"喷水城堡, 城堡, 充气城堡",CONTAINS,"充气城堡具备如下娱乐功能
1.滑滑梯
2.喷水（冬天不可用）
3.蹦蹦床
4.攀爬
使用100元一次，可持续用4小时！","通用问题",PROPERTY,"[""通用问题""]",0,1,1780193934275,1780193934275,30c30b28-89d0-4db8-bed4-7666b065355e,178280419468,0,30c30b28-89d0-4db8-bed4-7666b065355e_347
1280,"泳池, 游水, 游泳, 玩水",CONTAINS,"【泳池】5-10月份免费开放，仅限循环用水，不包含特殊要求换水
【泡池】12-次年4月免费送一池普通热水（仅限晴天），使用提前1天说明，否则不可用
【设施尺寸】
泳池：(6.5*2.7*1.2)；
花型水上乐园（4*4.8*0.5）
泡池（2*1.9）","通用问题",PROPERTY,"[""通用问题""]",0,1,1780193934248,1780193934248,30c30b28-89d0-4db8-bed4-7666b065355e,178280419468,0,30c30b28-89d0-4db8-bed4-7666b065355e_335
1281,"温泉, 泡温泉, 温泉池, 热水, 暖水, 私汤, 泡池",CONTAINS,"这栋别墅带有泡池,可泡私汤（普通热水）

【泡池】：4月30日前可免费送一池普通热水，（限晴天白天使用）；确定使用，请提前1天说明并于入住当天16:00前确定好放水的时间,以免太晚工作人员下班无法使用；
其它日期：150一池热水","通用问题",PROPERTY,"[""通用问题""]",0,1,1780193934256,1780193934256,30c30b28-89d0-4db8-bed4-7666b065355e,178280419468,0,30c30b28-89d0-4db8-bed4-7666b065355e_339
1282,"有新单后立即",CONTAINS,"亲,把您的微信号发我一下哦,后续方便房东（别墅的经营管理者）安排您入住哦!","通用问题",PROPERTY,"[""通用问题""]",0,1,1780193934260,1780193934260,30c30b28-89d0-4db8-bed4-7666b065355e,178280419468,0,30c30b28-89d0-4db8-bed4-7666b065355e_341
1283,"看房, 看一下房子, 实体, 现场",CONTAINS,"1、下单后可以看房哦,看了如果不满意的话可以全额退款!
2、看房需提前约好时间哦🌹","通用问题",PROPERTY,"[""通用问题""]",0,1,1780193934250,1780193934250,30c30b28-89d0-4db8-bed4-7666b065355e,178280419468,0,30c30b28-89d0-4db8-bed4-7666b065355e_336
1284,"娱乐, 设备, 玩, 麻将, 有什么, 滑梯, 滑滑梯, 投篮",CONTAINS,"【娱乐设施】电动麻将机、火锅、双炉烧烤炉、卡拉OK、投影仪（3台，120寸幕布）、电视（55寸）大泳池、恒温冲浪水疗泡池、休闲桌椅、滑滑梯、投靶、蹦蹦床、游戏机（体感游戏）、PS4游戏机、桌球、积木、跳跳马、足球、篮球、不倒翁、木马、花生球；
✓参加活动，免费使用娱乐项目，沙包投掷、萝卜蹲、敲锣、好运滚滚、羽毛球、毽子、飞镖、体感枪、泡泡机、套鸭子、坐骑、水枪、浮板；儿童乐园玩具（彩虹隧道、夜光飞盘、仿真昆虫玩具、套圈环）、卡通及章鱼气球、橡皮筋飞鸟、声光宝剑喷雾枪、冲天火剑、磁力棒泡沫积木、飞行棋、链条卡通玩具；
✓更多付费娱乐项目可供选择儿童专用欢乐泳池、喷水城堡
✓24小时唱歌：晚上10点后可到三楼包厢唱歌","通用问题",PROPERTY,"[""通用问题""]",0,1,1780193934237,1780193934237,30c30b28-89d0-4db8-bed4-7666b065355e,178280419468,0,30c30b28-89d0-4db8-bed4-7666b065355e_329
1285,"户型, 面积, 几楼, 几张床, 几房, 床多大的, 多少张床",CONTAINS,"1.8米的床按住3人计，为上限可住人数；总面积350㎡
沙发床默认沙发，铺成床，提前1天说明；
##为6房户型，5房该房间不开放
一楼（4-5人）：
客厅（KTV、投影仪）、电动麻将机、餐厅、厨房、花园（泳池、  双炉烧烤桌、泡池）、停车位、洗手间
房间1[2米床]※榻榻米通铺，可拆分成2个1米床                   
##房间2[1.2米床+1.2米床]

二楼（7-9人）：
套房3[1.8米床+1.2米沙发床▲+游戏机+卫浴+阳台]
套房4[1.5米床+1.8榻榻米床+投影仪+卫浴]

三楼（7-10人）：
套房5[1.8米床+1米沙发床▲+卫浴+阳台]、+露台+桌球
房间6[1.8沙发床▲+1.8沙发床▲+投影仪+音响+麦克风]、可做单独卡拉OK包厢（不含付费软件）","通用问题",PROPERTY,"[""通用问题""]",0,1,1780193934241,1780193934241,30c30b28-89d0-4db8-bed4-7666b065355e,178280419468,0,30c30b28-89d0-4db8-bed4-7666b065355e_332
1286,"泳池, 泳池多大, 泳池尺寸, 水池, 游水, 游泳池, 恒温泳池泳池另加, 泳池另外收费",CONTAINS,"【常温泳池按需收费】 
      循环用水； 200/晚  全新加水：300/晚，
  ※🌷当泳池干池或水质不宜循环用时，只能全新加水；可提前一天与房东 
       确认水质  情况，自由选择；
       泡池：200一池水

【设施】
 圆形泡池：直径2.7（使用请于当天16：00前确认好放水时间） 
  泳池尺寸：3*6*1m（使用泳池提前1天说明）","通用问题",PROPERTY,"[""通用问题""]",0,1,1780193934228,1780193934228,30c30b28-89d0-4db8-bed4-7666b065355e,178280419468,0,30c30b28-89d0-4db8-bed4-7666b065355e_325
1287,"有水收费, 不加水也收费, 有水也收费",CONTAINS,"泳池有干净水的情况下，用户使用泳池，需要开启水循环净化系统，消毒，杀菌净化、补水；

否则人体皮肤会有油垢、污质、各类代谢物，没有开水循环净化消毒，水一下子变脏，泳池壁会形成一层油垢；后期整池水只能作废；  泳池的收费仅是能耗的成本哦！ 谢谢理解！","通用问题",PROPERTY,"[""通用问题""]",0,1,1780193934232,1780193934232,30c30b28-89d0-4db8-bed4-7666b065355e,178280419468,0,30c30b28-89d0-4db8-bed4-7666b065355e_327
1288,"拼, 拼床",CONTAINS,"亲，拼床的时候请不要破坏床体；退房时请把床放回原位哦；以免房东找人抬床产生额外的费用的哦！","通用问题",PROPERTY,"[""通用问题""]",0,1,1780193934239,1780193934239,30c30b28-89d0-4db8-bed4-7666b065355e,178280419468,0,30c30b28-89d0-4db8-bed4-7666b065355e_331
1289,"温泉, 泡温泉, 泡池, 恒温, 温泉池, 热水, 私汤, 暖水",CONTAINS,"1、使用泡池额外付费150元一池水（普通热水）恒温2小时+余温约可用4小时；
2、使用请提前1天说明否则可能来不及准备影响使用！

恒温泡池：
1、多功能（冲浪、按摩功 、SPA水疗）缓解疲劳
2、自动循环过滤、消毒杀菌；多人使用保持干净卫生
3、恒温热水40°C，寒冬也很热
4、泡池尺寸：2*2m","通用问题",PROPERTY,"[""通用问题""]",0,1,1780193934257,1780193934257,30c30b28-89d0-4db8-bed4-7666b065355e,178280419468,0,30c30b28-89d0-4db8-bed4-7666b065355e_340
1290,"泳池, 泳池多大, 泳池尺寸, 水池, 游水, 游泳, 恒温泳池, 游泳池, 泳池额外收费, 泳池费, 泳池另加, 泳池另外收费",CONTAINS,"1、【泡池】150元 / 池（普通热水），需在 16:00 前确认放水时间。
      【泳池】7-8月份及长假不含末日免费（仅限循环用水），其它日期按需收费；收费标准为：循环用水：200/晚；全新加水常500 元 / 晚（常温）；
 ※使用请提前说明，否则可能来不及准备，预订当天入住有可能来不及准备无法使用；
  ※🌷当泳池为干池或水质不宜循环用时，只能全新加水；可提前1天与房东确认水质情况，自由选择； 
2、设施规格：
泳池（含中间水上乐园）：6.5×3.5×0.8m，泳池有水时不支持排干水，使用娱乐设备
泡池：直径 2.4 米","通用问题",PROPERTY,"[""通用问题""]",0,1,1780193934230,1780193934230,30c30b28-89d0-4db8-bed4-7666b065355e,178280419468,0,30c30b28-89d0-4db8-bed4-7666b065355e_326
1291,"娱乐, 设备, 玩, 有什么, 滑梯, 滑滑梯, 投篮",CONTAINS,"娱乐项目:炭烤桌、火锅（电磁炉）、麻将、秋千、卡拉OK(JBL品牌)、桌球、乒乓球、xbox游戏机（体感+手柄均有）、大泳池、儿童乐园、摇摇椅（滑滑梯、蹦蹦床、套圈圈、投壶、投靶、翘翘板、摇摇马、儿童游戏垫、不倒翁、跳跳球）、恒温SPA泡池、喷水城堡；
参加活动免费娱乐设备：泳圈、水上篮球、坐骑、水上西瓜球、加特林水枪；","通用问题",PROPERTY,"[""通用问题""]",0,1,1780193934263,1780193934263,30c30b28-89d0-4db8-bed4-7666b065355e,178280419468,0,30c30b28-89d0-4db8-bed4-7666b065355e_342
1292,"看房, 实地",CONTAINS,"亲，可以看房，先下单后，才能平台上才可以联系上；约个时间看房； 看了不满意是可以全额退款的哦！","通用问题",PROPERTY,"[""通用问题""]",0,1,1780193934252,1780193934252,30c30b28-89d0-4db8-bed4-7666b065355e,178280419468,0,30c30b28-89d0-4db8-bed4-7666b065355e_337
1293,"火锅, 打边炉, 电磁炉",CONTAINS,"亲，别墅带有火锅的设备，电磁炉+汤锅，一栋别墅标配一个电磁炉，配汤锅使用；","通用问题",PROPERTY,"[""通用问题""]",0,1,1780193934272,1780193934272,30c30b28-89d0-4db8-bed4-7666b065355e,178280419468,0,30c30b28-89d0-4db8-bed4-7666b065355e_346
1294,"玩游戏, 游戏机, 游戏, switch, ps4, xbox, 街机, ps5",CONTAINS,"亲,这一栋带有两个游戏机（二选择一），使用请提前1天说明；
1、体感游戏机
2、PS4游戏机（24个游戏 ）","通用问题",PROPERTY,"[""通用问题""]",0,1,1780193934243,1780193934243,30c30b28-89d0-4db8-bed4-7666b065355e,178280419468,0,30c30b28-89d0-4db8-bed4-7666b065355e_333
1295,"泳池多大的, 泳池多大, 泳池尺寸, 泳池, 游水, 游泳, 恒温泳池, 游泳池, 泳池收费, 泳池额外收费, 泳池费, 泳池另加, 泳池另外收费",CONTAINS,"1、泳池、泡池
【泡池】150一池热水（普通热水），使用提前1天说明
【泳池】7-8月份免费（仅限循环用水），其它日期按需收费；收费标准为：循环用水：200/晚；全新加水常500 元 / 晚（常温）；
 ※使用请提前说明，否则可能来不及准备，预订当天入住有可能来不及准备无法使用；
※🌷当泳池为干池或水质不宜循环用时，只能全新加水；可提前1天与房东确认水质情况，自由选择； 
【泳池花园互通】：即泳池花园无栅栏隔开，可相互走动；住户一般在自己别墅所在区块所属范围内的花园娱乐；当隔壁栋无人的情况为独享；反之与隔壁共用泳池；
从目前用户使用情况来看，互不影响；经常不同栋的别墅用户相互串门分享泳池呢！
2、泳池恒温功能该季节不开放
除特别说明外,别墅内设备均免费使用!
【尺寸】
  ❮超大泳池❯：尺寸20*2.6*1.2m
  ❮三角泡池❯：尺寸：3*2.3m","通用问题",PROPERTY,"[""通用问题""]",0,1,1780193934265,1780193934265,30c30b28-89d0-4db8-bed4-7666b065355e,178280419468,0,30c30b28-89d0-4db8-bed4-7666b065355e_343
1296,"新的水, 全新的水, 全新水, 新水, 当天放的水, 换水",CONTAINS,"除非您要求全新换水（全新换水，费用查看平台须知），否则都是循环用水；大泳池带水循环净化系统都是循环用水的哦！循环水也是干净的哦，泡池才能一客一换！

如需全新换水请提前说明，夏天用水高峰，换水时间较长，4-10小时不等哦！","通用问题",PROPERTY,"[""通用问题""]",0,1,1780193934218,1780193934218,30c30b28-89d0-4db8-bed4-7666b065355e,178280419468,0,30c30b28-89d0-4db8-bed4-7666b065355e_321
1297,"泳池, 泳池多大, 泳池尺寸, 水池, 游水, 游泳池, 恒温泳池, 泳池额外收费, 泳池费, 泳池另加, 泳池另外收费",CONTAINS,"【泳池】
 5、10月的周六及法定节假日（不含末日）免费；6-9月免费，其余按需收费。免费均仅限循环用水。
【费用标准】循环用水：150/晚，全新加水：300/次
【恒温冲浪泡池】默认不开放，使用150元一池普通热水，恒温2小时，免费中药实现瑶浴","通用问题",PROPERTY,"[""通用问题""]",0,1,1780193934211,1780193934211,30c30b28-89d0-4db8-bed4-7666b065355e,178280421786,0,30c30b28-89d0-4db8-bed4-7666b065355e_318
1298,"能住几人, 住多少人, 加人",CONTAINS,"平台上有相关的居住人数说明哦!加人不加床的哦，人数多不会多配备生活用品，只要您住得下即可；","通用问题",PROPERTY,"[""通用问题""]",0,1,1780193934202,1780193934202,30c30b28-89d0-4db8-bed4-7666b065355e,178280421786,0,30c30b28-89d0-4db8-bed4-7666b065355e_314
1299,"娱乐, 设备, 玩, 泡池, 泡温泉, 麻将, 有什么",CONTAINS,"电动麻将机、烧烤炉、电视、游戏机、黑板、幻彩秋千、WiFi","通用问题",PROPERTY,"[""通用问题""]",0,1,1780193934206,1780193934206,30c30b28-89d0-4db8-bed4-7666b065355e,178280421786,0,30c30b28-89d0-4db8-bed4-7666b065355e_316
1300,"娱乐, 设备, 玩, 泡池, 泡温泉, 麻将, 有什么, 滑梯, 滑滑梯, 投篮",CONTAINS,"★娱乐项目:烧烤、火锅、麻将、卡拉OK、泡池（直径2.4）、泳池、泳池含儿童水上乐园（尺寸6.5*3.5*0.8米）、超炫七彩舞台灯光

2、22:00后遵守物业规定不扰民,22点前进行卡拉OK
3、水上乐园设别于22:00关闭,避免扰民","通用问题",PROPERTY,"[""通用问题""]",0,1,1780193934205,1780193934205,30c30b28-89d0-4db8-bed4-7666b065355e,178280421786,0,30c30b28-89d0-4db8-bed4-7666b065355e_315
1301,"泳池, 泳池多大, 泳池尺寸, 水池, 游水, 游泳, 恒温泳池, 游泳池, 泳池额外收费, 泳池费, 泳池另加, 泳池另外收费",CONTAINS,"1、泳池、泡池
     【泡池】（普通热水）免费送一池水（1个泡池），使用提前1天预约，仅限4月30日之前；其它日期150/池热水
     【泳池】7-8月份免费（仅限循环用水），其它日期按需收费；收费标准为：循环用水：200/晚；全新加水常500 元 / 晚（常温）；
        ※使用请提前说明，否则可能来不及准备，预订当天入住有可能来不及准备无法使用；
        ※🌷当泳池为干池或水质不宜循环用时，只能全新加水；可提前1天与房东确认水质情况，自由选择； 
2、泳池恒温功能该季节不开放
除特别说明外,别墅内设备均免费使用!
【尺寸】
  ❮超大泳池❯：尺寸20*2.6*1.2m
  ❮三角泡池❯：尺寸：3*2.3m","通用问题",PROPERTY,"[""通用问题""]",0,1,1780193934208,1780193934208,30c30b28-89d0-4db8-bed4-7666b065355e,178280421786,0,30c30b28-89d0-4db8-bed4-7666b065355e_317
1302,"恒温泳池, 恒温",CONTAINS,"恒温泳池水温为30℃，泳池水加热保持30度的左右的恒温哦!与平常泳游管的恒温泳池水的温度差不多；没有冬泳习惯的不建议用，会觉得冷哦，而且成本也较高的哦!如果人多划算的,人少的话建议用泡池会好一些的哦! 

恒温泳池：第1晚1500/晚，第2晚起1000/晚；

该季节不开放哦","通用问题",PROPERTY,"[""通用问题""]",0,1,1780193934189,1780193934189,30c30b28-89d0-4db8-bed4-7666b065355e,178280421786,0,30c30b28-89d0-4db8-bed4-7666b065355e_309
1303,"美的鹭湖, 鹭湖, 别墅, 度假区",CONTAINS,"房子为""美的鹭湖森林度假区""里面的别墅,离景区较近,几十到1km不等，度假区内有观光车,开往景区,人均5元！","通用问题",PROPERTY,"[""通用问题""]",0,1,1780193934137,1780193934137,30c30b28-89d0-4db8-bed4-7666b065355e,178280421786,0,30c30b28-89d0-4db8-bed4-7666b065355e_284
1304,"延迟, 早点入住, 延时退房, 提早入住, 提前入住, 晚点退房",CONTAINS,"平日提前入住 或 延时退房,按100-200元/小时计算;  

周五\周六及节日不支持提前入住或延时退房哦! 按天计算

若有提前或延迟,房东只能当天早上10点,确认对应日期无人入住,才能答复是否可行.

请于正常的入住时间入住(14:00-次日12:00)","通用问题",PROPERTY,"[""通用问题""]",0,1,1780193934158,1780193934158,30c30b28-89d0-4db8-bed4-7666b065355e,178280421786,0,30c30b28-89d0-4db8-bed4-7666b065355e_295
1305,"玩游戏, 游戏机, 游戏, switch, ps4, xbox",CONTAINS,"亲,这一栋带有xbox360的游戏机哦,里面有很多游戏可以免费玩的哦!","通用问题",PROPERTY,"[""通用问题""]",0,1,1780193934140,1780193934140,30c30b28-89d0-4db8-bed4-7666b065355e,178280421786,0,30c30b28-89d0-4db8-bed4-7666b065355e_285
1306,"门票, 景点, 景区",CONTAINS,"我们只提供别墅住宿，度假区内的付费景点、商业消费等需您自行购买哦~","通用问题",PROPERTY,"[""通用问题""]",0,1,1780193934157,1780193934157,30c30b28-89d0-4db8-bed4-7666b065355e,178280421786,0,30c30b28-89d0-4db8-bed4-7666b065355e_294
1307,"怎么联系, 联系电话, 联系方式, 微信, 联系",CONTAINS,"亲,平台要求下单后才能发相关的信息,否则发信息受限哦!  确定好日期直接下单即可!","通用问题",PROPERTY,"[""通用问题""]",0,1,1780193934119,1780193934119,30c30b28-89d0-4db8-bed4-7666b065355e,178280421786,0,30c30b28-89d0-4db8-bed4-7666b065355e_277
1308,"娱乐, 设备, 玩, 泡池, 泡温泉, 麻将, 有什么",CONTAINS,"★娱乐项目:烧烤、火锅、麻将、卡拉OK、泡温泉、泳池、儿童水上乐园(五锥倒水桶）空中滑滑梯蹦蹦床、超炫七彩舞台灯光
※泳池、泡池按需收费;(不使用无该项费用)
   泡池:200/池（热水，尺寸直径2.7米）

【 常温泳池】 ：循环用水：200/天，全新开池：300元
              循环用水：泳池有干净水可用，无需全新开池

——除泳池、泡池外,别墅内设备均免费使用!
2、22:00后遵守物业规定不扰民,22点前进行卡拉OK
3、水上乐园设别于22:00关闭,避免扰民","通用问题",PROPERTY,"[""通用问题""]",0,1,1780193934173,1780193934173,30c30b28-89d0-4db8-bed4-7666b065355e,178280421786,0,30c30b28-89d0-4db8-bed4-7666b065355e_304
1309,"几层, 几楼, 户型, 户型分布, 几房, 几个房间, 独卫, 几个房, 房间, 床, 卫生间, 厕所",CONTAINS,"别墅由A、B联排组成一大栋,7房11床可住16-19人,面积413平
A栋:
一楼:客厅(KTV+麻将桌+电视)\餐厅厨房\花园(泳池+烧烤桌+休闲椅)  \卫生间;                               
二楼:  房间1(4人):[1.5米床+1.5米床]
          房间2(2人)[1.2米床+1.2米床+阳台]
          卫浴
 三楼:房间3(2-3人)[1张1.8米床+卫浴+露台+阳台]
 四楼:房间4(1人):[1.2米床]复式楼层无单独门
         ※复式楼层:抵达房间经过三楼房间,与三 楼房间共用门;正常的层高;                       
B栋:
  一楼:客厅（麻将桌+电视)\餐厅厨房\花园(泳池+烧烤桌+休闲椅+空中滑滑梯）卫生间; 
   二楼：房间5(4人):[1.5米床+1.5米床]
              房间6(2人)[1.2米床+1.2米床+阳台]
               卫浴
   三楼:   套房7(2-3人)[1张1.8米床+卫浴+露台+阳台]","通用问题",PROPERTY,"[""通用问题""]",0,1,1780193934170,1780193934170,30c30b28-89d0-4db8-bed4-7666b065355e,178280421786,0,30c30b28-89d0-4db8-bed4-7666b065355e_302
1310,"几层, 几楼, 户型, 户型分布, 几房, 几个房间, 独卫, 几个房, 房间, 床, 卫生间, 厕所",CONTAINS,"★独栋别墅,与隔壁栋互通花园及20米大泳池(隔壁栋空房时即独享)★

1、娱乐设备全:KTV、炭烤炉、麻将、火锅(电磁炉+汤锅),
     儿童水上乐园(空中滑滑梯滑到泳池)游戏机、超炫七彩舞台灯光

     三角泡池(3*2.3m,当前价格不包含)、超大恒温泳池(20*2.6*1.2m,恒温功能仅冬天开放)

    花园及大泳池为两栋联排共用,只有当其中一栋空房时方可独享;

2、户型
   3房5床可住9人
  一楼:客厅(KTV+麻将桌+电视)\餐厅厨房\花园(泳池+烧烤桌+休闲椅+空中滑滑梯）卫生间; 

   二楼：房间1(4人):[1.5米床+1.5米床]
              房间2(2人)[1.2米床+1.2米床+阳台]
              卫浴

 三楼:套房3(2-3人)[1张1.8米床+卫浴+露台+阳台]","通用问题",PROPERTY,"[""通用问题""]",0,1,1780193934167,1780193934167,30c30b28-89d0-4db8-bed4-7666b065355e,178280421786,0,30c30b28-89d0-4db8-bed4-7666b065355e_300
1311,"泳池多大的, 泳池多大, 泳池尺寸, 泳池, 游水, 游泳池, 恒温泳池, 泳池收费, 泳池额外收费, 泳池费, 泳池另加, 泳池另外收费",CONTAINS,"1、泳池、泡池
   【泡池】150一池热水（普通热水），使用提前1天说明
   【泳池】7-8月份免费，其它日期按需收费；收费标准为：循环用水：200/晚；全新加水常500 元 / 晚（常温）；
 ※使用请提前说明，否则可能来不及准备，预订当天入住有可能来不及准备无法使用；
  ※🌷当泳池为干池或水质不宜循环用时，只能全新加水；可提前1天与房东确认水质情况，自由选择； 
【泳池花园互通】：即泳池花园无栅栏隔开，可相互走动；住户一般在自己别墅所在区块所属范围内的花园娱乐；当隔壁栋无人的情况为独享；反之与隔壁共用泳池；
从目前用户使用情况来看，互不影响；经常不同栋的别墅用户相互串门分享泳池呢！
2、泳池恒温功能该季节不开放
除特别说明外,别墅内设备均免费使用!
【尺寸】
  ❮超大泳池❯：尺寸20*2.6*1.2m
  ❮三角泡池❯：尺寸：3*2.3m","通用问题",PROPERTY,"[""通用问题""]",0,1,1780193934181,1780193934181,30c30b28-89d0-4db8-bed4-7666b065355e,178280421786,0,30c30b28-89d0-4db8-bed4-7666b065355e_306
1312,"开发票",CONTAINS,"房子订价较低，价格不包含发票，如需开票按5%税点收，退房后支付税点给房东由房东找人代为开票哦！谢谢理解🌹","通用问题",PROPERTY,"[""通用问题""]",0,1,1780193934198,1780193934198,30c30b28-89d0-4db8-bed4-7666b065355e,178280421786,0,30c30b28-89d0-4db8-bed4-7666b065355e_312
1313,"ktv唱到几点, 唱歌唱几点, 唱歌时间, 唱歌到10点, K歌到几点, 唱歌, KTV, 卡拉OK, K歌能到几点, 唱歌到几点, 唱歌有没有时间限制, K歌, 歌",CONTAINS,"应相关部门的要求,22:00后自动关闭哦! 可用时间9：00-22：00之间","通用问题",PROPERTY,"[""通用问题""]",0,1,1780193934172,1780193934172,30c30b28-89d0-4db8-bed4-7666b065355e,178280421786,0,30c30b28-89d0-4db8-bed4-7666b065355e_303
1314,"麻将, 麻雀",CONTAINS,"亲,每栋别墅都标配有一台电动麻将桌哦! ktv设备  炭烤炉  火锅用具","通用问题",PROPERTY,"[""通用问题""]",0,1,1780193934151,1780193934151,30c30b28-89d0-4db8-bed4-7666b065355e,178280421786,0,30c30b28-89d0-4db8-bed4-7666b065355e_291
1315,"身份证, 登记",CONTAINS,"入住前房东会发您公安局要求的登记系统，登记信息就可以了；操作很简单，只要线上操作就行了","通用问题",PROPERTY,"[""通用问题""]",0,1,1780193934153,1780193934153,30c30b28-89d0-4db8-bed4-7666b065355e,178280421786,0,30c30b28-89d0-4db8-bed4-7666b065355e_292
1316,"温泉, 泡温泉, 泡池, 恒温",CONTAINS,"1、恒温冲浪水疗泡池（普通热水）,泡池在花园.
2、150元一池水，仅限晴天使用，使用请提前1天说明；
3、该泡池恒温持续开启2小时+余温，约可用4小时左右;
4、用泡池可免费送一包中药，实现瑶浴（祛湿、缓解疲劳）；","通用问题",PROPERTY,"[""通用问题""]",0,1,1780193934071,1780193934071,30c30b28-89d0-4db8-bed4-7666b065355e,178280423884,0,30c30b28-89d0-4db8-bed4-7666b065355e_257
1317,"押金, 收押金, 需要收押金吗",CONTAINS,"1、线下收押金,具体金额不同别墅的押金不一样,以平台须知说明为准；大体500-1000不等；
2、遵守入住守则,不搞破坏脏乱差,退房后;管家检查没有问题原路退还的哦!","通用问题",PROPERTY,"[""通用问题""]",0,1,1780193934062,1780193934062,30c30b28-89d0-4db8-bed4-7666b065355e,178280423884,0,30c30b28-89d0-4db8-bed4-7666b065355e_253
1318,"兜底回复",CONTAINS,"亲,我在高速上,预订1个小时后到服务区,下高速后,马上回您消息哦!  谢谢您的理解!","通用问题",PROPERTY,"[""通用问题""]",0,0,1780193934064,1780193934064,30c30b28-89d0-4db8-bed4-7666b065355e,178280423884,0,30c30b28-89d0-4db8-bed4-7666b065355e_254
1319,"发图片, 图片, 实拍的图片, 是真实的吗, 一样, 实景照片, 实景, 实物相符, 随机",CONTAINS,"平台上的图片均为实拍,展示的图片即对应您入住的房源哦!","通用问题",PROPERTY,"[""通用问题""]",0,1,1780193934117,1780193934117,30c30b28-89d0-4db8-bed4-7666b065355e,178280421786,0,30c30b28-89d0-4db8-bed4-7666b065355e_276
1320,"调料",CONTAINS,"别墅都不提供调料等涉及食品安全的哦!调料需要自行带哦!只提供做饭工具、餐具、烧烤炉...等工具类物品;","通用问题",PROPERTY,"[""通用问题""]",0,1,1780193934049,1780193934049,30c30b28-89d0-4db8-bed4-7666b065355e,178280423884,0,30c30b28-89d0-4db8-bed4-7666b065355e_249
1321,"宠物, 狗, 猫",CONTAINS,"亲，可以带宠物，但务必注意宠物卫生。
1、宠物请圈养在花园禁止入屋内，不能随地排泄、掉毛，不能破坏物品或损坏家具，禁止下泳池或泡池玩水
2、度假区保洁费用较高，宠物产生的垃圾需自行清理，避免产生额外保洁费🙏","通用问题",PROPERTY,"[""通用问题""]",0,1,1780193934073,1780193934073,30c30b28-89d0-4db8-bed4-7666b065355e,178280423884,0,30c30b28-89d0-4db8-bed4-7666b065355e_258
1322,"餐具",CONTAINS,"具体房源配有哪些餐具可查看平台的上的信息,,咱们这边房源较多,具体的每一栋情况都写在平台上哦; 平台上介绍及须知下面都有相关的娱乐设备介绍的哦!","通用问题",PROPERTY,"[""通用问题""]",0,0,1780193934108,1780193934108,30c30b28-89d0-4db8-bed4-7666b065355e,178280421786,0,30c30b28-89d0-4db8-bed4-7666b065355e_272
1323,"实拍",CONTAINS,"亲,咱们平台上的图片都是实拍的,每栋别墅装修风格都是独一无二的哦!","通用问题",PROPERTY,"[""通用问题""]",0,1,1780193934076,1780193934076,30c30b28-89d0-4db8-bed4-7666b065355e,178280423884,0,30c30b28-89d0-4db8-bed4-7666b065355e_259
1324,"是否有房？",CONTAINS,"可选择日期,只要能下单的都有房哦!","通用问题",PROPERTY,"[""通用问题""]",0,1,1780193934066,1780193934066,30c30b28-89d0-4db8-bed4-7666b065355e,178280423884,0,30c30b28-89d0-4db8-bed4-7666b065355e_255
1325,"看房, 看一下房子, 实体, 现场",CONTAINS,"1、暂不支持实体看房.平台的图片均实拍的哦!

2、之前有用户借看房之名,到屋子里面拿东西,房东不在现场都不让看.下单后有视频的可以发您参考,视频与您看到的实际一样的! 如果是用于结婚的看位置的可以自行到附近查看哦!

3、入住后发现不对版是可以退款的哦,所以没有看房的必要哦!","通用问题",PROPERTY,"[""通用问题""]",0,1,1780193934093,1780193934093,30c30b28-89d0-4db8-bed4-7666b065355e,178280423884,0,30c30b28-89d0-4db8-bed4-7666b065355e_266
1326,"蚊子",CONTAINS,"别墅绿化较好,离地面较近,或多或少会有一些蚊子,房子里面备有蚊香哦!点蚊香后蚊子就不影响了;蚊香不够可以找房东拿!","通用问题",PROPERTY,"[""通用问题""]",0,1,1780193934077,1780193934077,30c30b28-89d0-4db8-bed4-7666b065355e,178280423884,0,30c30b28-89d0-4db8-bed4-7666b065355e_260
1327,"可以做饭吗, 厨房可以做饭, 厨房, 做饭, 煮食",CONTAINS,"亲,别墅都带有厨房可以做饭的,做饭产生的垃圾要自行清理到垃圾桶,餐具清洗干净放回原位即可! 厨房提供基本做饭工具,及常用的餐具一般按8人配的哦!更多具体的餐具厨具设备可查看平台设备上的设备说明哦!","通用问题",PROPERTY,"[""通用问题""]",0,1,1780193934113,1780193934113,30c30b28-89d0-4db8-bed4-7666b065355e,178280421786,0,30c30b28-89d0-4db8-bed4-7666b065355e_274
1328,"接送",CONTAINS,"亲,咱们这边没有接送服务哦!","通用问题",PROPERTY,"[""通用问题""]",0,1,1780193934059,1780193934059,30c30b28-89d0-4db8-bed4-7666b065355e,178280423884,0,30c30b28-89d0-4db8-bed4-7666b065355e_252
1329,"押金",CONTAINS,"亲,线下收500元押金,退房后保洁做完保洁没发现问题,房东就会退还! 不管酒店或民宿都会收的押金的","通用问题",PROPERTY,"[""通用问题""]",0,1,1780193934053,1780193934053,30c30b28-89d0-4db8-bed4-7666b065355e,178280423884,0,30c30b28-89d0-4db8-bed4-7666b065355e_251
1330,"在景区里面, 离景区多远, 离景区很远吗",CONTAINS,"别墅在美的鹭湖度森林假区里面,到度假区里面的各景点距离较近几十米-1km不等;具体根据不同景点而定哦!","通用问题",PROPERTY,"[""通用问题""]",0,1,1780193934087,1780193934087,30c30b28-89d0-4db8-bed4-7666b065355e,178280423884,0,30c30b28-89d0-4db8-bed4-7666b065355e_264
1331,"买菜, 附近哪里可以买菜, 买炭, 有的买, 买烧烤用品, 买烧烤料, 购物",CONTAINS,"园区内小卖部有送货上门服务,500米左右有安纳希小镇商业街上有生活超市 ,3公里内有对川农贸市场 \杨和市场较多生鲜可以买的哦!购物很方便;景区的价格会相对市场高一点点;","通用问题",PROPERTY,"[""通用问题""]",0,1,1780193934090,1780193934090,30c30b28-89d0-4db8-bed4-7666b065355e,178280423884,0,30c30b28-89d0-4db8-bed4-7666b065355e_265
1332,"早餐",CONTAINS,"咱们这边只提供住宿不提供餐饮服务哦,园区门口有早餐店专门做早餐的,可以到那里购买哦!","通用问题",PROPERTY,"[""通用问题""]",0,1,1780193934068,1780193934068,30c30b28-89d0-4db8-bed4-7666b065355e,178280423884,0,30c30b28-89d0-4db8-bed4-7666b065355e_256
1333,"额外费用, 收费, 费用, 额外收费, 另外加收, 加收, 付费",CONTAINS,"✔︎涉及娱乐项目尺寸、入住押金、消费项目可查看平台的【须知】
1、除了明确说明费用外，其他设备均免费使用;
3、遵守卫生守则,不搞脏乱差,不破坏物品,没有其他额外收费的哦!","通用问题",PROPERTY,"[""通用问题""]",0,1,1780193934083,1780193934083,30c30b28-89d0-4db8-bed4-7666b065355e,178280423884,0,30c30b28-89d0-4db8-bed4-7666b065355e_262
1334,"房间位置, 小区",CONTAINS,"房子为""美的鹭湖森林度假区""里面的别墅,具体位置下单后平台订单上会展示哦,没下单前相关信息发送平台受限哦!","通用问题",PROPERTY,"[""通用问题""]",0,1,1780193934085,1780193934085,30c30b28-89d0-4db8-bed4-7666b065355e,178280423884,0,30c30b28-89d0-4db8-bed4-7666b065355e_263
1335,"周末加收, 周六加钱",CONTAINS,"不同日期的价格不一样,您选择您要入住的日期上面展示的多少钱就多少钱","通用问题",PROPERTY,"[""通用问题""]",0,1,1780193934106,1780193934106,30c30b28-89d0-4db8-bed4-7666b065355e,178280421786,0,30c30b28-89d0-4db8-bed4-7666b065355e_271
1336,"开发票",CONTAINS,"这套房源订价较低,当前价格不包含发票,需开票自行承担5个点的税费哦!","通用问题",PROPERTY,"[""通用问题""]",0,1,1780193934020,1780193934020,30c30b28-89d0-4db8-bed4-7666b065355e,178280423884,0,30c30b28-89d0-4db8-bed4-7666b065355e_233
1337,"能住多少人",CONTAINS,"查看平台的居住人数，1.5的床按2人，1.2按3人，1.8按2-3人计算；","通用问题",PROPERTY,"[""通用问题""]",0,1,1780193934040,1780193934040,30c30b28-89d0-4db8-bed4-7666b065355e,178280423884,0,30c30b28-89d0-4db8-bed4-7666b065355e_243
1338,"如何预订？",CONTAINS,"选择对应的日期.直接下单即可!","通用问题",PROPERTY,"[""通用问题""]",0,1,1780193934030,1780193934030,30c30b28-89d0-4db8-bed4-7666b065355e,178280423884,0,30c30b28-89d0-4db8-bed4-7666b065355e_238
1339,"实地看房",CONTAINS,"1、不支持实体看房.平台的图片都是实拍的哦!可细看平台图片哦！或视频哦

2、之前有用户借看房之名,到屋子里面拿东西,房东不在现场都不让看.下单后有视频的可以发您参考,视频与您看到的实际一样的!","通用问题",PROPERTY,"[""通用问题""]",0,1,1780193934026,1780193934026,30c30b28-89d0-4db8-bed4-7666b065355e,178280423884,0,30c30b28-89d0-4db8-bed4-7666b065355e_236
1340,"附加收费, 额外收费, 垃圾清理标准",CONTAINS,"1\遵守入住守则\垃圾放入垃圾桶，无损坏\脏乱;
2\做饭、烧烤垃圾自行清理干净,都不会产生额外的费用哦！
到目前为止很少用户出现这种情况!","通用问题",PROPERTY,"[""通用问题""]",0,1,1780193934023,1780193934023,30c30b28-89d0-4db8-bed4-7666b065355e,178280423884,0,30c30b28-89d0-4db8-bed4-7666b065355e_234
1341,"烧烤炉, 提供炭吗, 碳烤炉, 炭烧烤, 烧烤, 炭烤, 明火, 烤炉, 烤架",CONTAINS,"免费提供“烧烤炉”，可自备烧烤用的食物、烧烤网、竹签、炭等相关工具；若有需要，周边小店也可方便购买，更有送货上门服务哦！

温馨提示：烧烤及做饭产生的垃圾请自行清理至指定垃圾桶内。需注意的是，若需保洁公司处理此类垃圾，收费较高，为 200 元 / 次，建议大家自行做好垃圾清理，既环保又经济。","通用问题",PROPERTY,"[""通用问题""]",0,1,1780193934027,1780193934027,30c30b28-89d0-4db8-bed4-7666b065355e,178280423884,0,30c30b28-89d0-4db8-bed4-7666b065355e_237
1342,"是否有房？",CONTAINS,"选择对应入住的日期,如果上面显示可以下单的都有房的哦!","通用问题",PROPERTY,"[""通用问题""]",0,1,1780193934042,1780193934042,30c30b28-89d0-4db8-bed4-7666b065355e,178280423884,0,30c30b28-89d0-4db8-bed4-7666b065355e_245
1343,"停车, 免费停车, 停几个车, 辆车, 停几辆, 车位, 几台车",CONTAINS,"1、一栋别墅配有一个专用车位,物业要求,仅能报备一辆进入园区，超出1辆之外,可免费停在保安亭附近的马路边(不堵路即可),停车数量不限;入住当天把入园区车辆的车牌号发给房东报备即可
2、停车均免费哦!  度假区道路较宽,停车方便的哦!停车地方离别墅距离10来米到几十米不等的哦！","通用问题",PROPERTY,"[""通用问题""]",0,1,1780193934038,1780193934038,30c30b28-89d0-4db8-bed4-7666b065355e,178280423884,0,30c30b28-89d0-4db8-bed4-7666b065355e_242
1344,"水世界, 探索王国, 世界, 水上世界",CONTAINS,"同在度假区里面景区有个探索王国.水世界,距离1km左右,开车约3分钟,人均消费50多,自行到景点购票!","通用问题",PROPERTY,"[""通用问题""]",0,1,1780193934046,1780193934046,30c30b28-89d0-4db8-bed4-7666b065355e,178280423884,0,30c30b28-89d0-4db8-bed4-7666b065355e_247
1345,"地址, 位置, 导航, 定位",CONTAINS,"平台的关于订单有房源有地址说明或是 我让房东把地址发您哦!  房东有时可能有事耽搁,一有空就会马上加您发您地址!","通用问题",PROPERTY,"[""通用问题""]",0,1,1780193934047,1780193934047,30c30b28-89d0-4db8-bed4-7666b065355e,178280423884,0,30c30b28-89d0-4db8-bed4-7666b065355e_248
1346,"户型, 面积, 几楼, 几张床, 几房, 床多大的, 多少张床, 几层, 户型分布, 几个房间, 独卫, 几个房, 房间, 床, 卫生间, 住多少人",CONTAINS,"注：【】为订6房才有的
  一楼:
客厅、餐厅厨房、花园面积110m²、卫生间; 
房间1(2人):[1.5米床]
二楼(10-11人):
套房2[1.5床+1.5床+卫浴]
套房3[1.5米床+1.8米沙发床默认沙发+1.5米床+卫浴+浴缸+阳台]
三楼(8人):
套房4[1.5床+1.5床+阳台]
卫浴
【房间5[1.6床沙发床+1.6床沙发床+露台]】
四楼(2人):
房间6:[1.5米床]
✅22：00后需要唱歌，请移步到三楼隔音房间，关好门窗","通用问题",PROPERTY,"[""通用问题""]",0,1,1780193934036,1780193934036,30c30b28-89d0-4db8-bed4-7666b065355e,178280423884,0,30c30b28-89d0-4db8-bed4-7666b065355e_241
1347,"电烤, 烧烤, 炭, 碳, 明火, 烤炉, 炉",CONTAINS,"炭烤：免费提供炭烤炉（炭烤桌中间配 30*80 规格），食物、调料、烤网等需自备；附近小卖部可送货上门，很方便。​
做饭及烧烤垃圾请自行清理至垃圾桶！保洁处理此类垃圾收费 200 元，建议自行处理，避免额外支出。","通用问题",PROPERTY,"[""通用问题""]",0,1,1780193934024,1780193934024,30c30b28-89d0-4db8-bed4-7666b065355e,178280423884,0,30c30b28-89d0-4db8-bed4-7666b065355e_235
1348,"折扣/优惠",CONTAINS,"亲,这一栋是大面积310m²2,022年装修,,装修较好,设备较新,音响美国知名品牌,居家设备全,配有净水器;","通用问题",PROPERTY,"[""通用问题""]",0,1,1780193934044,1780193934044,30c30b28-89d0-4db8-bed4-7666b065355e,178280423884,0,30c30b28-89d0-4db8-bed4-7666b065355e_246
1349,"彭姐安排入住",CONTAINS,"您入住湖光鹭影5街36号由房东彭姐来安排，后续有任何入住问题都可以找彭姐@绿叶子@向日葵 17722782148 
#订房/加房，直接联系我🌹","通用问题",PROPERTY,"[""通用问题""]",0,1,1780193934017,1780193934017,30c30b28-89d0-4db8-bed4-7666b065355e,178280423884,0,30c30b28-89d0-4db8-bed4-7666b065355e_231
1350,"5-35泡池200",CONTAINS,"💰按需收费（不用无相关费用）--平台“须知”有详细 说明：
1、泡池：200/池水（普通热水）恒温2小时+余温约可用4小时；使用请提前1天说明，否则来不及准备！

恒温泡池：
1、多功能（冲浪、按摩功 、SPA水疗）缓解疲劳
2、自动循环过滤、消毒杀菌；多人使用保持干净卫生
3、恒温40°C，寒冬也很热","通用问题",PROPERTY,"[""通用问题""]",0,1,1780193934018,1781658773637,30c30b28-89d0-4db8-bed4-7666b065355e,178280423884,0,30c30b28-89d0-4db8-bed4-7666b065355e_50698
1351,"入住退房时间",CONTAINS,"【入住时间】平日:14:00之后;周末及节假日:14:30之后
【退房时间】次日12:00前
周末及节假日，做完保洁,尽量争取14:00之后入住
预订日期为当天,入住时间须确认好，一般1小时之后","通用问题",PROPERTY,"[""通用问题""]",0,1,1780193933992,1780193933992,30c30b28-89d0-4db8-bed4-7666b065355e,178280425848,0,30c30b28-89d0-4db8-bed4-7666b065355e_218
1352,"担心交押金",CONTAINS,"亲，别担心！入住押金的具体金额，在平台入住须知里都有明确说明，缴费过程有支付记录 ，可以放心哦🧡","通用问题",PROPERTY,"[""通用问题""]",0,1,1780193934002,1780193934002,30c30b28-89d0-4db8-bed4-7666b065355e,178280423884,0,30c30b28-89d0-4db8-bed4-7666b065355e_223
1353,"增值项目",CONTAINS,"亲，这些是为丰富您娱乐选择的可选增值服务项目，即便不选，您能体验的娱乐也不少，完全不影响入住；
分开收费其实更划算，不用为不需要的项目买单，要是这些都免费，房费难免会上涨呢。","通用问题",PROPERTY,"[""通用问题""]",0,1,1780193934004,1780193934004,30c30b28-89d0-4db8-bed4-7666b065355e,178280423884,0,30c30b28-89d0-4db8-bed4-7666b065355e_224
1354,"彭姐/阿波入住安排",CONTAINS,"群名称是“入住日期+房号”，后续会由对应房东安排您入住：
🏠五街36号（房东：彭姐）：6房11床；恒温冲浪水疗泡池：150元/池热水
🏠五街35号（房东：曾姐）：6房11床，恒温SPA泡池：150元/池
特别说明：该季节天气冷，泳池暂不开放
两栋押金共1000元，彭姐会在群发收款码统一收取；如需开发票可联系曾姐。两栋别墅情况略有不同，两位房东会分别在群里发入住流程、可选消费项目、注意事项，我也会把每栋对应的户型发到群里，您留意查看就行~","通用问题",PROPERTY,"[""通用问题""]",0,1,1780193934008,1780193934008,30c30b28-89d0-4db8-bed4-7666b065355e,178280423884,0,30c30b28-89d0-4db8-bed4-7666b065355e_226
1355,"木鸟APP退房评价操作步骤",CONTAINS,"木鸟民宿退房后评价操作
下载“木鸟民宿”APP，进入“我的订单”，找到“评价”按钮点击即可。","通用问题",PROPERTY,"[""通用问题""]",0,1,1780193933979,1780193933979,30c30b28-89d0-4db8-bed4-7666b065355e,178280425848,0,30c30b28-89d0-4db8-bed4-7666b065355e_211
1356,"周六禁延",CONTAINS,"延迟退房：100元/小时/栋，周六不可延迟；费用未支付前若有新客预订，将无法保留延迟退房。","通用问题",PROPERTY,"[""通用问题""]",0,1,1780193933988,1780193933988,30c30b28-89d0-4db8-bed4-7666b065355e,178280425848,0,30c30b28-89d0-4db8-bed4-7666b065355e_216
1357,"退房祝福",CONTAINS,"感谢入住！祝您旅途愉快，万事顺遂，期待下次再为您服务！🌹🌹🌹","通用问题",PROPERTY,"[""通用问题""]",0,1,1780193933981,1780193933981,30c30b28-89d0-4db8-bed4-7666b065355e,178280425848,0,30c30b28-89d0-4db8-bed4-7666b065355e_212
1358,"需延迟请提前说关房避免误订",CONTAINS,"如果您这边需要延时退房，延时退房按小时收费哦；需要的话请根我讲一下，明天的房我让平台关掉，避免其它客人误订；无法正常入住，谢谢理解与配合。🌹","通用问题",PROPERTY,"[""通用问题""]",0,1,1780193933983,1780193933983,30c30b28-89d0-4db8-bed4-7666b065355e,178280425848,0,30c30b28-89d0-4db8-bed4-7666b065355e_213
1359,"提醒退房否则付费",CONTAINS,"亲，咱们这边最晚的退房时间是12点哦，记得提前准备哦；如果需要延迟退房，请提前说明，100元/栋每小时，我这边好提前关房，避免客人预定哦[玫瑰]","通用问题",PROPERTY,"[""通用问题""]",0,1,1780193933984,1780193933984,30c30b28-89d0-4db8-bed4-7666b065355e,178280425848,0,30c30b28-89d0-4db8-bed4-7666b065355e_214
1360,"阿波入住",CONTAINS,"群名称为【入住日期+门牌号】后续由房东阿波来负责,任何与入住相关的问题都可以找房东! @丰盛园林景观阿波13622686843 @ㅤ 
微信没及时回复，有急事，可联系电话如下：
☎️管家苏棋：15207997770 
☎️房东阿波:13622686843","通用问题",PROPERTY,"[""通用问题""]",0,1,1780193934009,1780193934009,30c30b28-89d0-4db8-bed4-7666b065355e,178280423884,0,30c30b28-89d0-4db8-bed4-7666b065355e_227
1361,"邹姐入住",CONTAINS,"群名称为【入住日期+门牌号】后续由房东邹姐来负责您的入住,任何与入住相关的问题都可以找房东!@顺子","通用问题",PROPERTY,"[""通用问题""]",0,1,1780193934013,1780193934013,30c30b28-89d0-4db8-bed4-7666b065355e,178280423884,0,30c30b28-89d0-4db8-bed4-7666b065355e_229
1362,"22点确认提前入住",CONTAINS,"亲，可入住前一天晚上22点后，与房东确认好前一天是否有入住，没有入住的话可以免费提前半个小时。超1个小时之外，可选择付费提前入住哦。🌹🌹🌹","通用问题",PROPERTY,"[""通用问题""]",0,1,1780193933994,1780193933994,30c30b28-89d0-4db8-bed4-7666b065355e,178280425848,0,30c30b28-89d0-4db8-bed4-7666b065355e_219
1363,"定价不含泳泡, 推包含",CONTAINS,"亲，我们定价不含泳池、泡池，就是为了给您更实惠的价格。
不是每位客人都会用，打包进去总价会高一些。
不用泳池、泡池的客人，就不用多花冤枉钱。
我可以帮您看看包含泳池、泡池的选项，但价格可能会更高一些。","通用问题",PROPERTY,"[""通用问题""]",0,1,1780193933954,1780193933954,30c30b28-89d0-4db8-bed4-7666b065355e,178280425848,0,30c30b28-89d0-4db8-bed4-7666b065355e_199
1364,"借车位",CONTAINS,"隔壁邻居平时不常回来，会多一个车位借给房东使用。
加上房东自家车位，一共可以停两辆车，再多的车辆只能停在岗亭外的马路边。","通用问题",PROPERTY,"[""通用问题""]",0,1,1780193933963,1780193933963,30c30b28-89d0-4db8-bed4-7666b065355e,178280425848,0,30c30b28-89d0-4db8-bed4-7666b065355e_203
1365,"夜间问题处理",CONTAINS,"【温馨提示】-夜间问题处理
工作人员22点后休息，有问题请于22点前联系处理好哦！🌷记得留意如下事项：
1、热水器是否有热水
2、蚊香是否够用
3、洗漱用品（沐浴露、洗发水）是否够用晚上有急事，群无回复，可微信语音或电话哦！🙏房东住在5街1号，也可上门联系她处理哦！👍","通用问题",PROPERTY,"[""通用问题""]",0,1,1780193933975,1780193933975,30c30b28-89d0-4db8-bed4-7666b065355e,178280425848,0,30c30b28-89d0-4db8-bed4-7666b065355e_209
1366,"打棋电话",CONTAINS,"亲，管家平时事多，要是微信没及时回，可以发微信语音💬，或者打下面的电话：
☎️管家苏棋：15207997770
不用担心打扰！有需要尽管联系，管家收到消息就会赶紧来帮您处理😊","通用问题",PROPERTY,"[""通用问题""]",0,1,1780193933967,1780193933967,30c30b28-89d0-4db8-bed4-7666b065355e,178280425848,0,30c30b28-89d0-4db8-bed4-7666b065355e_205
1367,"已到休息时间留言明早回复",CONTAINS,"亲，现在已经到休息时间啦，若还有其他问题可以给我留言，我明天一早就会回复您哦~ 晚安啦~","通用问题",PROPERTY,"[""通用问题""]",0,1,1780193933969,1780193933969,30c30b28-89d0-4db8-bed4-7666b065355e,178280425848,0,30c30b28-89d0-4db8-bed4-7666b065355e_206
1368,"有问题平台留言明早第一回复",CONTAINS,"亲，有不清楚的问题，直接在平台窗口留言，明天一早我第一时间答复您哦","通用问题",PROPERTY,"[""通用问题""]",0,1,1780193933971,1780193933971,30c30b28-89d0-4db8-bed4-7666b065355e,178280425848,0,30c30b28-89d0-4db8-bed4-7666b065355e_207
1369,"停车",CONTAINS,"1、一栋别墅仅带一个专用停车位,只能报备一辆车入园区，超出1辆之外的可以免费停到保安停旁边(马路边不要堵路即可)

2、入住当天把要停入园区车辆的车牌号,发给房东报备方可顺畅进入园区

3、岗亭外马路边停车都是免费，不限辆哦！","通用问题",PROPERTY,"[""通用问题""]",0,1,1780193933961,1780193933961,30c30b28-89d0-4db8-bed4-7666b065355e,178280425848,0,30c30b28-89d0-4db8-bed4-7666b065355e_202
1370,"按需收费更划算",CONTAINS,"1. 包不包含，看定价；
2. 要是都包含在价格里，费用自然会高。考虑不是所有用户都需要，所以按需收费，让大家自由选！更划算！","通用问题",PROPERTY,"[""通用问题""]",0,1,1780193933956,1780193933956,30c30b28-89d0-4db8-bed4-7666b065355e,178280425848,0,30c30b28-89d0-4db8-bed4-7666b065355e_200
1371,"停一辆车的原因",CONTAINS,"实在不好意思呀，1栋别墅的专用车位只有1个，园区规定1个车位只能对应报备1辆车进入，系统里1个车位没法提交多辆车的报备信息；
 
岗亭外面的马路边停车是免费的，而且不限数量，停在那儿也很方便，只要不堵路就行","通用问题",PROPERTY,"[""通用问题""]",0,1,1780193933965,1780193933965,30c30b28-89d0-4db8-bed4-7666b065355e,178280425848,0,30c30b28-89d0-4db8-bed4-7666b065355e_204
1372,"说明泳池泡池收费",CONTAINS,"特别说明：考虑有些客人未细看平台须知，特别说明泡池、泳池为按需收费项目","通用问题",PROPERTY,"[""通用问题""]",0,1,1780193933959,1780193933959,30c30b28-89d0-4db8-bed4-7666b065355e,178280425848,0,30c30b28-89d0-4db8-bed4-7666b065355e_201
1373,"泡池收费算起来总价低",CONTAINS,"亲，泡池高能耗，用的人不多；所以按需收费（不用无相关费用）

加上泡池，房费变高；很多不用的人不愿意为泡池买单的哦

🌹算上泡池费后与同等条件（面积、设备、装修）相比价格也划算很多哦！","通用问题",PROPERTY,"[""通用问题""]",0,1,1780193933923,1780193933923,30c30b28-89d0-4db8-bed4-7666b065355e,178280425848,0,30c30b28-89d0-4db8-bed4-7666b065355e_182
1374,"恒温泡池",CONTAINS,"【泡池】150/池水（普通热水）恒温2小时+余温约可用4小时；使用请提前1天说明，否则来不及准备！

恒温泡池：
1、多功能（冲浪、按摩功 、SPA水疗）缓解疲劳
2、自动循环过滤、消毒杀菌；多人使用保持干净卫生
3、  恒温40°C，寒冬也很热","通用问题",PROPERTY,"[""通用问题""]",0,1,1780193933946,1780193933946,30c30b28-89d0-4db8-bed4-7666b065355e,178280425848,0,30c30b28-89d0-4db8-bed4-7666b065355e_194
1375,"泡池分开收费原因",CONTAINS,"泡池为可选项目，不包含在房费内；您可按需选择使用，用则收费、不用不收费，为您节省不必要的开支。","通用问题",PROPERTY,"[""通用问题""]",0,1,1780193933951,1780193933951,30c30b28-89d0-4db8-bed4-7666b065355e,178280425848,0,30c30b28-89d0-4db8-bed4-7666b065355e_197
1376,"泡池泳池不用不收费",CONTAINS,"💰按需收费项目，考虑有些用户没有细看平台【须知】，特别说明：⭐️泡池、泳池按需收费，不使用无该项费用！","通用问题",PROPERTY,"[""通用问题""]",0,1,1780193933949,1780193933949,30c30b28-89d0-4db8-bed4-7666b065355e,178280425848,0,30c30b28-89d0-4db8-bed4-7666b065355e_196
1377,"泳池免泡池收",CONTAINS,"【常温泳池】常温泳池免费，不包含特殊要求，全新换水；
【泡池】150/池水（普通热水）恒温2小时+余温约可用4小时；
使用请提前1天说明，否则来不及准备！
恒温泡池：
1、多功能（冲浪、按摩功 、SPA水疗）缓解疲劳
2、自动循环过滤、消毒杀菌；多人使用保持干净卫生
3、  恒温40°C，寒冬也很热","通用问题",PROPERTY,"[""通用问题""]",0,1,1780193933945,1780193933945,30c30b28-89d0-4db8-bed4-7666b065355e,178280425848,0,30c30b28-89d0-4db8-bed4-7666b065355e_193
1378,"恒温泳池收费",CONTAINS,"恒温泳池按需收费
1、第一晚1500元；第二晚起每晚1000元
2、恒温泳池水温为30℃，同游泳馆的恒温泳池水的温度差不多；没有冬泳习惯的不建议用，会觉得冷哦，
3、能耗成本也较高的哦!人多平摊成本还可以,人少的话建议用泡池划算一些；","通用问题",PROPERTY,"[""通用问题""]",0,1,1780193933929,1780193933929,30c30b28-89d0-4db8-bed4-7666b065355e,178280425848,0,30c30b28-89d0-4db8-bed4-7666b065355e_185
1379,"泡池免费",CONTAINS,"1、【泡池】免费送一池普通热水（仅限晴天），建议白天使用！
※若用提前1天说明，并于入住当天16：00前与房东确认好放水时间 ；以免太晚了工作人员下班无法使用！
2、1-4月、11-12月天气冷，泳池、花型儿童池不开放。","通用问题",PROPERTY,"[""通用问题""]",0,1,1780193933948,1780193933948,30c30b28-89d0-4db8-bed4-7666b065355e,178280425848,0,30c30b28-89d0-4db8-bed4-7666b065355e_195
1380,"恒温泡池价低水热可用4小时",CONTAINS,"亲，恒温泡池价格低/水温高，使用时长久，恒温+余温可以用4个小时，您看是否需要给您推荐恒温泡池的房源🌹","通用问题",PROPERTY,"[""通用问题""]",0,1,1780193933930,1780193933930,30c30b28-89d0-4db8-bed4-7666b065355e,178280425848,0,30c30b28-89d0-4db8-bed4-7666b065355e_186
1381,"循200 新500",CONTAINS,"🚩 默认不使用无相关费用，如需使用，请提前1天说明

【常温泳池收费】循环用水（鹭湖包泳池均这种方式）：200/晚  全新加水：500/晚；

  ※🌷当泳池干池或水质不宜循环用时，只能全新加水；可提前1天与房东确认水质情况，自由选择；

【泡池】150元一池水（普通热水）

🥰考虑用户不一定细看，平台#须知#，涉及费用特别说明；不用无相关费用哦！🌹","通用问题",PROPERTY,"[""通用问题""]",0,1,1780193933952,1780193933952,30c30b28-89d0-4db8-bed4-7666b065355e,178280425848,0,30c30b28-89d0-4db8-bed4-7666b065355e_198
1382,"去水世界",CONTAINS,"这一套没有泳池,园区附近有水世界,开车3分钟左右,门票只要几十块(人均58左右经常波动);泳池的溢价够您在水世界玩很多次了","通用问题",PROPERTY,"[""通用问题""]",0,1,1780193934018,1780193933702,30c30b28-89d0-4db8-bed4-7666b065355e,178280423884,0,30c30b28-89d0-4db8-bed4-7666b065355e_50756
1383,"泡池放水水压小原因",CONTAINS,"亲，咱们的水压是受市政管网管控的哦！整个鹭湖都一样哦；我们也没办法控制变大😅，泡池放满水，预计要2个小时哦。🌹辛苦您耐心等待哦！","通用问题",PROPERTY,"[""通用问题""]",0,1,1780193933903,1780193933903,30c30b28-89d0-4db8-bed4-7666b065355e,178280427671,0,30c30b28-89d0-4db8-bed4-7666b065355e_172
1384,"带宠物要求",CONTAINS,"亲，可以带宠物，但务必注意宠物卫生。
1、宠物请圈养在花园，禁止入屋内及下泳池或泡池玩水，不能随地排泄、掉毛，不能破坏物品或损坏家具
2、度假区保洁费用较高，宠物产生的垃圾需自行清理垃圾桶，避免产生额外保洁费🙏","通用问题",PROPERTY,"[""通用问题""]",0,1,1780193933897,1780193933897,30c30b28-89d0-4db8-bed4-7666b065355e,178280427671,0,30c30b28-89d0-4db8-bed4-7666b065355e_169
1385,"冬天滑梯可用",CONTAINS,"泳池无水暂不开放，滑滑梯可正常使用。","通用问题",PROPERTY,"[""通用问题""]",0,1,1780193933916,1780193933916,30c30b28-89d0-4db8-bed4-7666b065355e,178280425848,0,30c30b28-89d0-4db8-bed4-7666b065355e_178
1386,"泳池循环用水干净",CONTAINS,"1、泳池自带水循环净化系统；每次使用前工作人员会消毒、清污并补充部分新水，不定期全池清洁更换新水；所有私家泳池均采用循环用水；
2、非一客一换，除非泡池或刚好入住那天赶上换水；
    若要全新换水费用另收，换一次水约4-6小时，需要请提前一天说明；","通用问题",PROPERTY,"[""通用问题""]",0,1,1780193933901,1780193933901,30c30b28-89d0-4db8-bed4-7666b065355e,178280427671,0,30c30b28-89d0-4db8-bed4-7666b065355e_171
1387,"鹭湖无温泉",CONTAINS,"亲，当地所谓的温泉都是普通热水，包括半山汤谷，并无真温泉。泡池里面放热水为温泉，冬天大人祛湿或者说小朋友玩水；","通用问题",PROPERTY,"[""通用问题""]",0,1,1780193933918,1780193933918,30c30b28-89d0-4db8-bed4-7666b065355e,178280425848,0,30c30b28-89d0-4db8-bed4-7666b065355e_179
1388,"雨天泳池成本高选泡池",CONTAINS,"亲，近期雨天多、泳池使用少，维护成本高，暂不开放。
可选择热水泡池（价格低），可接受对应高成本，也可付费开放。","通用问题",PROPERTY,"[""通用问题""]",0,1,1780193933910,1780193933910,30c30b28-89d0-4db8-bed4-7666b065355e,178280425848,0,30c30b28-89d0-4db8-bed4-7666b065355e_175
1389,"确认泳池是否可循环",CONTAINS,"亲，我确认下泳池目前是否有水、水质是否干净可循环，晚点回复您哈","通用问题",PROPERTY,"[""通用问题""]",0,1,1780193933912,1780193933912,30c30b28-89d0-4db8-bed4-7666b065355e,178280425848,0,30c30b28-89d0-4db8-bed4-7666b065355e_176
1390,"泡池使用方法",CONTAINS,"【泡池温馨提示】🥰
1. 水放到适宜高度，即可边泡边放水，无需等水放满；
2. 泡池放水期间，淋浴室无热水，二者需错峰使用。
3. 寒冷天气建议白天使用，低温会影响泡池水温，同时缩短泡浴时长，避免因空气与水温差大受凉哦🌹","通用问题",PROPERTY,"[""通用问题""]",0,1,1780193933914,1780193933914,30c30b28-89d0-4db8-bed4-7666b065355e,178280425848,0,30c30b28-89d0-4db8-bed4-7666b065355e_177
1391,"泳池无水仅泡池可选",CONTAINS,"如下项目默认不使用，无相关费用
【泡池】150元一池水（普通热水）
【泳池】该季节天气冷，泳池无水
如需使用，按需收费细看平台须知，使用请提前1天说明，否则来不及准备","通用问题",PROPERTY,"[""通用问题""]",0,1,1780193933919,1780193933919,30c30b28-89d0-4db8-bed4-7666b065355e,178280425848,0,30c30b28-89d0-4db8-bed4-7666b065355e_180
1392,"泳池非一客一换",CONTAINS,"1、泳池自带水循环净化系统；自动净化、消毒、杀菌;不定期全池保洁换水，补水;水干净卫生;所有私家泳池均采用循环用水；
2、非一客一换，除非泡池或刚好入住那天，赶上换水；
若要全新换水,费用另算,夏天用水高峰期,换一次水4-10小时哦,可能影响使用的时长哦","通用问题",PROPERTY,"[""通用问题""]",0,1,1780193933899,1780193933899,30c30b28-89d0-4db8-bed4-7666b065355e,178280427671,0,30c30b28-89d0-4db8-bed4-7666b065355e_170
1393,"潜水区",CONTAINS,"亲，儿童浅水区的水一客一换💧，无需泡池再开池放水哦~😊","通用问题",PROPERTY,"[""通用问题""]",0,1,1780193933908,1780193933908,30c30b28-89d0-4db8-bed4-7666b065355e,178280425848,0,30c30b28-89d0-4db8-bed4-7666b065355e_174
1394,"担心水不干净",CONTAINS,"亲，泳池有循环净化系统。
平时每天检查水质、及时清洁。
换水时间不固定，看水质情况。
下雨后立刻清杂物，加强过滤消毒。
水质不达标就全换。
您来的时候，水肯定干净安全，放心用～","通用问题",PROPERTY,"[""通用问题""]",0,1,1780193933906,1780193933906,30c30b28-89d0-4db8-bed4-7666b065355e,178280425848,0,30c30b28-89d0-4db8-bed4-7666b065355e_173
1395,"房源亮点",CONTAINS,"设施保养较好，设备较新
1、卡拉OK是美国JBL品牌,音质较好；有隔音包厢，可24小时唱歌；
2、2.58米标准台球桌，电动麻+手搓备用（双麻将）
3、大面积别墅，大花园、2个大亭子+大遮阳伞无惧雨季暴晒；
4、厨房设备丰富；配有净水器；
5、恒温多功能热水泡池，SPA水疗 缓解疲劳
6、丰富的儿童玩具，“喷水城堡”可选
7、4张桌子32个椅子，人多适用
8、电动+手搓双麻将
9、炭烧烤桌比普通烧烤炉大，稳定方便
10、大型小型滑滑梯，覆盖各年龄段的小朋友","通用问题",PROPERTY,"[""通用问题""]",0,1,1780193933860,1780193933860,30c30b28-89d0-4db8-bed4-7666b065355e,178280427671,0,30c30b28-89d0-4db8-bed4-7666b065355e_153
1396,"客人久不下单",CONTAINS,"亲，感觉您对咱们这个还挺感兴趣的，是不是还有什么顾虑没解决呀？","通用问题",PROPERTY,"[""通用问题""]",0,1,1780193933791,1780193933791,30c30b28-89d0-4db8-bed4-7666b065355e,178280429518,0,30c30b28-89d0-4db8-bed4-7666b065355e_122
1397,"推荐私家花园泳池",CONTAINS,"亲，您看是否需要给您推荐，其它私家泳池花园的；独享的花园及泳池！","通用问题",PROPERTY,"[""通用问题""]",0,1,1780193933853,1780193933853,30c30b28-89d0-4db8-bed4-7666b065355e,178280427671,0,30c30b28-89d0-4db8-bed4-7666b065355e_148
1398,"选择“五星”",CONTAINS,"亲，评价时记得选“全五星”⭐⭐⭐⭐⭐，星星全点亮平台才认可为好评，非常感谢您的支持！","通用问题",PROPERTY,"[""通用问题""]",0,1,1780193933809,1780193933809,30c30b28-89d0-4db8-bed4-7666b065355e,178280427671,0,30c30b28-89d0-4db8-bed4-7666b065355e_129
1399,"K歌包厢(5-36)",CONTAINS,"1、平常可在1楼客厅唱歌，22点后移步3楼隔音K歌房（24小时欢唱自由）
2、隔音房含2张沙发床，铺开当房间🛏️、收起变包厢🛋️","通用问题",PROPERTY,"[""通用问题""]",0,1,1780193933872,1780193933872,30c30b28-89d0-4db8-bed4-7666b065355e,178280427671,0,30c30b28-89d0-4db8-bed4-7666b065355e_159
1400,"疑问",CONTAINS,"亲，还有其他疑问或顾虑吗？我可以再为您解答哦🌹","通用问题",PROPERTY,"[""通用问题""]",0,1,1780193933787,1780193933787,30c30b28-89d0-4db8-bed4-7666b065355e,178280429518,0,30c30b28-89d0-4db8-bed4-7666b065355e_120
1401,"满意给五星好评",CONTAINS,"尊敬的客人，感谢的入住。如果您对此次住宿体验感到满意，恳请您帮忙给予“全五星好评”；非常感谢🌹🌹🌹","通用问题",PROPERTY,"[""通用问题""]",0,1,1780193933820,1780193933820,30c30b28-89d0-4db8-bed4-7666b065355e,178280427671,0,30c30b28-89d0-4db8-bed4-7666b065355e_133
1402,"开通小门",CONTAINS,"1.别墅由两栋大面积别墅组成，花园栅栏间设小门可开启互通","通用问题",PROPERTY,"[""通用问题""]",0,1,1780193933862,1780193933862,30c30b28-89d0-4db8-bed4-7666b065355e,178280427671,0,30c30b28-89d0-4db8-bed4-7666b065355e_154
1403,"开票税点加入报销无需自付",CONTAINS,"此价不含开票，税点由客人承担（平台入住须知详细说明）；可开票时把税点加进去报销，您就不用自己付了。","通用问题",PROPERTY,"[""通用问题""]",0,1,1780193933850,1780193933850,30c30b28-89d0-4db8-bed4-7666b065355e,178280427671,0,30c30b28-89d0-4db8-bed4-7666b065355e_147
1404,"满意给好评返现",CONTAINS,"亲，如果您对房源和服务还算满意，麻烦您帮忙做个”全五星好评”🌟🌟🌟🌟🌟+20字以上的良好体验描述 ，

评好截图发我，我们会为您送上10元心意红包🧧，略表感谢～

祝您生活愉快，事事顺心！🌹","通用问题",PROPERTY,"[""通用问题""]",0,1,1780193933815,1780193933815,30c30b28-89d0-4db8-bed4-7666b065355e,178280427671,0,30c30b28-89d0-4db8-bed4-7666b065355e_131
1405,"满意请点亮全五星给予好评",CONTAINS,"亲爱的客人，如果您对这次入住感到满意，麻烦帮忙点亮“全五星好评“，您的肯定是我们最大的动力～❤️❤️❤️❤️❤️","通用问题",PROPERTY,"[""通用问题""]",0,1,1780193933811,1780193933811,30c30b28-89d0-4db8-bed4-7666b065355e,178280427671,0,30c30b28-89d0-4db8-bed4-7666b065355e_130
1406,"收到评价后感谢",CONTAINS,"非常感谢您的好评，期待再次光临！🧡ྀི💛ྀི❤️ྀི","通用问题",PROPERTY,"[""通用问题""]",0,1,1780193933823,1780193933823,30c30b28-89d0-4db8-bed4-7666b065355e,178280427671,0,30c30b28-89d0-4db8-bed4-7666b065355e_134
1407,"拍好评照片",CONTAINS,"亲，您参加好评的活动，记得多拍些娱乐照片（3张以上照片），如水上设备、游泳、泡池、唱歌、烧烤，娱乐的照片；评价会用到哦🌹","通用问题",PROPERTY,"[""通用问题""]",0,1,1780193933827,1780193933827,30c30b28-89d0-4db8-bed4-7666b065355e,178280427671,0,30c30b28-89d0-4db8-bed4-7666b065355e_136
1408,"花园互通",CONTAINS,"【特别说明】互通：即花园无栅栏隔开，可相互走动；住户一般在自己别墅所在区块范围内的花园娱乐；当隔壁栋无人的情况为独享；
从目前用户使用情况来看，互不影响；","通用问题",PROPERTY,"[""通用问题""]",0,1,1780193933893,1780193933893,30c30b28-89d0-4db8-bed4-7666b065355e,178280427671,0,30c30b28-89d0-4db8-bed4-7666b065355e_167
1409,"评价模板",CONTAINS,"亲，如果您比较忙没空写，我这边给您模板加上您拍的照片即可直接发布哦！","通用问题",PROPERTY,"[""通用问题""]",0,1,1780193933806,1780193933806,30c30b28-89d0-4db8-bed4-7666b065355e,178280427671,0,30c30b28-89d0-4db8-bed4-7666b065355e_127
1410,"5个税点",CONTAINS,"为让定价更实惠，当前价格不含发票，如需开票需额外支付5%税费哦。","通用问题",PROPERTY,"[""通用问题""]",0,1,1780193933846,1780193933846,30c30b28-89d0-4db8-bed4-7666b065355e,178280427671,0,30c30b28-89d0-4db8-bed4-7666b065355e_145
1411,"收费",CONTAINS,"亲，这个是另外收费的哦🌷","通用问题",PROPERTY,"[""通用问题""]",0,1,1780193933834,1780193933834,30c30b28-89d0-4db8-bed4-7666b065355e,178280427671,0,30c30b28-89d0-4db8-bed4-7666b065355e_140
1412,"好评返现活动",CONTAINS,"🎉 好评返现活动来啦！💰

评价要求：
1、全五星才算好评，🌟🌟🌟🌟🌟
2、20 字以上良好体验描述 + 3 张实拍图  或  50字以上的良好体验描述 
3、重复负面消息不算
4、若写字有困难，可提供“模板”

评好截图发到群里，即可立即返现 10 元！🧧","通用问题",PROPERTY,"[""通用问题""]",0,1,1780193933830,1780193933830,30c30b28-89d0-4db8-bed4-7666b065355e,178280427671,0,30c30b28-89d0-4db8-bed4-7666b065355e_138
1413,"充气城堡100元/次用4小时",CONTAINS,"充气城堡：100元/次，可使用4小时（电机限用4小时，超时会过热保护）。请于当天16点前确认使用时间，以免工作人员下班无法使用。","通用问题",PROPERTY,"[""通用问题""]",0,1,1780193933841,1780193933841,30c30b28-89d0-4db8-bed4-7666b065355e,178280427671,0,30c30b28-89d0-4db8-bed4-7666b065355e_143
1414,"夏天蚊多关窗点蚊香开灯关门窗",CONTAINS,"【温馨提醒】🦟别墅绿化较好，夏天蚊子较多；
1、休息前1小时关好门窗及空调点蚊香片灭蚊；休息时开着蚊香液即可！
2、免费提供蚊香（蚊香片、艾草蚊香、蚊香液）管够，不够可及时沟通；
3、开灯容易引来小动物，开灯时请关好门窗避免引来飞蛾、蟑螂等小动物，跑到床上影响休息哦！","通用问题",PROPERTY,"[""通用问题""]",0,1,1780193933888,1780193933888,30c30b28-89d0-4db8-bed4-7666b065355e,178280427671,0,30c30b28-89d0-4db8-bed4-7666b065355e_165
1415,"房源亮点",CONTAINS,"1、大花园别墅：两栋花园各 150 方左右，花园设小门互通；花园配大亭子 + 多个大遮阳伞，无惧雨季暴晒，多人聚餐超合适
2、设施丰富，适合多人聚会：配有 2.58 米标准台球桌；4 桌近 40 椅满足多人需求；2 台电动 + 2 副手搓麻将，搭配专用麻将椅，久坐不累
3、24 小时无限 K 歌：带隔音包厢，可全天 K 歌；JBL品牌音响，音质佳
4、家具家电较多近一年购买，设备较新；厨房设备丰富，带净水器，儿童玩具齐全，充气城堡可选
5、双恒温泡池（可选）：两个恒温冲浪水疗泡池，可做 SPA、瑶浴，排湿解乏、缓解疲劳","通用问题",PROPERTY,"[""通用问题""]",0,1,1780193933864,1780193933864,30c30b28-89d0-4db8-bed4-7666b065355e,178280427671,0,30c30b28-89d0-4db8-bed4-7666b065355e_155
1416,"房源亮点",CONTAINS,"1、单独的浅水和深水区；大人小孩均好用
2、24年花园全新装修，儿童玩具丰富
3、多功能炭烤炉，一炉多烤，可焖烤；","通用问题",PROPERTY,"[""通用问题""]",0,1,1780193933865,1780193933865,30c30b28-89d0-4db8-bed4-7666b065355e,178280427671,0,30c30b28-89d0-4db8-bed4-7666b065355e_156
1417,"实际支付价格",CONTAINS,"亲，可以平台上选择不同的日期就会展示对应的实际支付价格哦；","通用问题",PROPERTY,"[""通用问题""]",0,1,1780193933839,1780193933839,30c30b28-89d0-4db8-bed4-7666b065355e,178280427671,0,30c30b28-89d0-4db8-bed4-7666b065355e_142
1418,"评价模板",CONTAINS,"亲，感谢入住！若您没空写评价，我们可以提供模板给您参考，您看是否需要？","通用问题",PROPERTY,"[""通用问题""]",0,1,1780193933808,1780193933808,30c30b28-89d0-4db8-bed4-7666b065355e,178280427671,0,30c30b28-89d0-4db8-bed4-7666b065355e_128
1419,"看房",CONTAINS,"亲，下单之后就可以看房，看房如果不满意的话可以全额退款哦，对您来说没有任何损失；","通用问题",PROPERTY,"[""通用问题""]",0,1,1780193933785,1780193933785,30c30b28-89d0-4db8-bed4-7666b065355e,178280429518,0,30c30b28-89d0-4db8-bed4-7666b065355e_119
1420,"日期",CONTAINS,"确定好日期，平台上直接下单即可！","通用问题",PROPERTY,"[""通用问题""]",0,1,1780193933789,1780193933789,30c30b28-89d0-4db8-bed4-7666b065355e,178280429518,0,30c30b28-89d0-4db8-bed4-7666b065355e_121
1421,"阳光房便宜的原因",CONTAINS,"这个六房价格是最便宜的，之所以便宜，是因为它有两个房间比较特别，露台上拓展出来阳光房，使用上跟正常房间一样，里面分别都是一张1.5米床","通用问题",PROPERTY,"[""通用问题""]",0,1,1780193933842,1780193933842,30c30b28-89d0-4db8-bed4-7666b065355e,178280427671,0,30c30b28-89d0-4db8-bed4-7666b065355e_144
1422,"好评领红包",CONTAINS,"亲，非常感谢入住～ 要是您对本次入住体验还满意，麻烦给个全五星好评（30字以上的良好体验描述，带图更好了；），截图发给群里，就能领取10元红包哦～ 期待您的好评，也欢迎下次再来呀！🌹","通用问题",PROPERTY,"[""通用问题""]",0,1,1780193933828,1780193933828,30c30b28-89d0-4db8-bed4-7666b065355e,178280427671,0,30c30b28-89d0-4db8-bed4-7666b065355e_137
1423,"K歌包厢(5-35)",CONTAINS,"1、1楼客厅唱歌到22：00，22点后如需唱歌，可参加活动免费升级包厢；移步3楼隔音K歌房（虽有隔音，夜深音量易显大，调整适宜音量不扰民，24小时欢唱自由）
2、隔音房含2张语音控制沙发床，铺开当房间🛏️、收起变包厢🛋️，灵活切换；","通用问题",PROPERTY,"[""通用问题""]",0,1,1780193933873,1780193933873,30c30b28-89d0-4db8-bed4-7666b065355e,178280427671,0,30c30b28-89d0-4db8-bed4-7666b065355e_160
1424,"炭烧烤",CONTAINS,"炭烧烤，免费提供烧烤炉，自备烧烤用的食物、调料、烧烤网、竹签、炭,整个鹭湖别墅酒店都一样的; 附近小卖部可以买也有送货上门的服务","通用问题",PROPERTY,"[""通用问题""]",0,1,1780193933882,1780193933882,30c30b28-89d0-4db8-bed4-7666b065355e,178280427671,0,30c30b28-89d0-4db8-bed4-7666b065355e_163
1425,"未下单消息受限",CONTAINS,"温馨提示：没下单前，发联系相关消息会被屏蔽删除，下单后没有相关限制","通用问题",PROPERTY,"[""通用问题""]",0,1,1780193933886,1780193933886,30c30b28-89d0-4db8-bed4-7666b065355e,178280427671,0,30c30b28-89d0-4db8-bed4-7666b065355e_164
1426,"开票做好评",CONTAINS,"价格不含开票，开票税点客人承担（详见平台入住须知）；或者我跟房东商量由他出税点，你给她个全五星好评，您看可以吗？","通用问题",PROPERTY,"[""通用问题""]",0,1,1780193933849,1780193933849,30c30b28-89d0-4db8-bed4-7666b065355e,178280427671,0,30c30b28-89d0-4db8-bed4-7666b065355e_146
1427,"园区禁烟花",CONTAINS,"别墅内禁止燃放烟花（园区绿化茂密，燃放易引发火灾）；若有需求，可登上别墅楼顶观察烟花集中闪烁处，前往度假区公共燃放区域安全燃放","通用问题",PROPERTY,"[""通用问题""]",0,1,1780193933890,1780193933890,30c30b28-89d0-4db8-bed4-7666b065355e,178280427671,0,30c30b28-89d0-4db8-bed4-7666b065355e_166
1428,"方便给好评",CONTAINS,"如果方便的话，帮忙给个全五星好评及良好体验描述，非常感谢哦🌹！","通用问题",PROPERTY,"[""通用问题""]",0,1,1780193933825,1780193933825,30c30b28-89d0-4db8-bed4-7666b065355e,178280427671,0,30c30b28-89d0-4db8-bed4-7666b065355e_135
1429,"语音控制沙发房间",CONTAINS,"房间里有两张💬语音控制📢的沙发床。
收起来就是沙发，围成一间包厢🎤；
铺开是床🛏️，直接当卧室用","通用问题",PROPERTY,"[""通用问题""]",0,1,1780193933870,1780193933870,30c30b28-89d0-4db8-bed4-7666b065355e,178280427671,0,30c30b28-89d0-4db8-bed4-7666b065355e_158
1430,"有房",CONTAINS,"亲，平台上有显示价格，都是有房的哦！下单的时候记得选择入住日期，退房日期就可以下单了","通用问题",PROPERTY,"[""通用问题""]",0,1,1780193933801,1780193933801,30c30b28-89d0-4db8-bed4-7666b065355e,178280427671,0,30c30b28-89d0-4db8-bed4-7666b065355e_125
1431,"人数",CONTAINS,"亲，预计住几人？小孩和大人分别？","通用问题",PROPERTY,"[""通用问题""]",0,1,1780193933798,1780193933798,30c30b28-89d0-4db8-bed4-7666b065355e,178280427671,0,30c30b28-89d0-4db8-bed4-7666b065355e_124
1432,"减少到4房",CONTAINS,"亲，您如果不需要那么多房间的话，减少到四房，房费也会相应减少一些，这样更划算呢~","通用问题",PROPERTY,"[""通用问题""]",0,1,1780193933795,1780193933795,30c30b28-89d0-4db8-bed4-7666b065355e,178280427671,0,30c30b28-89d0-4db8-bed4-7666b065355e_123
1433,"满意给好评",CONTAINS,"尊敬的客人，感谢入住。如果您对此次住宿体验感到满意，请[抱拳]您帮忙给予“全五星好评”；非常感谢[爱心]

祝您旅途愉快，万事顺遂，期待下次再为您服务！🌹🌹🌹","通用问题",PROPERTY,"[""通用问题""]",0,1,1780193933819,1780193933819,30c30b28-89d0-4db8-bed4-7666b065355e,178280427671,0,30c30b28-89d0-4db8-bed4-7666b065355e_132
1434,"单独包厢",CONTAINS,"如果您这边人数不多，六房其中一间可以专门用作唱歌包厢，不做卧室使用，实际卧室的只有5个房间；","通用问题",PROPERTY,"[""通用问题""]",0,1,1780193933867,1780193933867,30c30b28-89d0-4db8-bed4-7666b065355e,178280427671,0,30c30b28-89d0-4db8-bed4-7666b065355e_157
1435,"连住中间不保洁",CONTAINS,"亲，连住价格更优惠；因为连住中间的客人无保洁需求，相关的成本就优惠到房费里面，价格更低哦；","通用问题",PROPERTY,"[""通用问题""]",0,1,1780193933837,1780193933837,30c30b28-89d0-4db8-bed4-7666b065355e,178280427671,0,30c30b28-89d0-4db8-bed4-7666b065355e_141
1436,"推荐房源",CONTAINS,"亲，您看是否需要给您推荐其他的房源？","通用问题",PROPERTY,"[""通用问题""]",0,1,1780193933856,1780193933856,30c30b28-89d0-4db8-bed4-7666b065355e,178280427671,0,30c30b28-89d0-4db8-bed4-7666b065355e_150
1437,"3楼包厢房间分布",CONTAINS,"3楼有两个房间分别为包厢、套房：
订5房：仅开放3楼套房，若套房升级到包厢，床数量不变；包厢沙发床语音控制铺床；
订","通用问题",PROPERTY,"[""通用问题""]",0,1,1780193933875,1780193933875,30c30b28-89d0-4db8-bed4-7666b065355e,178280427671,0,30c30b28-89d0-4db8-bed4-7666b065355e_161
1438,"好评活动评价要求",CONTAINS,"亲,您参加了好评活动,有空的时候,记得按要求进行评价；🌹

1、  全选择“五星”⭐⭐⭐⭐⭐，平台要求“全五星”才算好评哦

2、  20字以上的良好体验描述 ，字数不够,重复垃圾 负面信息不计入评价哦! 

3、  晒娱乐图3张以上 （唱歌、泳池、烧烤 、麻将、水上设备。。。。。）提交评价截图发群里❤️

感谢您对我们工作的支持！祝您旅途愉快🥰","通用问题",PROPERTY,"[""通用问题""]",0,1,1780193933833,1780193933833,30c30b28-89d0-4db8-bed4-7666b065355e,178280427671,0,30c30b28-89d0-4db8-bed4-7666b065355e_139
1439,"房源亮点",CONTAINS,"1、大花园别墅；双炉烧烤桌，碳烤电烤可同时用
2、房子保养较新，娱乐设备丰富（3台投影仪）
3、24小时K歌包厢可供选择，儿童玩具丰富
4、用泡池还可免费加中药体验瑶浴（排湿、缓解疲劳）
5、双桌麻将（电动+手搓），专用麻将椅子，久坐不累
6、恒温冲浪水疗泡池，瑶浴","通用问题",PROPERTY,"[""通用问题""]",0,1,1780193933859,1780193933859,30c30b28-89d0-4db8-bed4-7666b065355e,178280427671,0,30c30b28-89d0-4db8-bed4-7666b065355e_152
1440,"推荐泳池免费",CONTAINS,"您看是否需要给您推荐，其它包泳池的房源？","通用问题",PROPERTY,"[""通用问题""]",0,1,1780193933855,1780193933855,30c30b28-89d0-4db8-bed4-7666b065355e,178280427671,0,30c30b28-89d0-4db8-bed4-7666b065355e_149
1441,"推荐泡池免费",CONTAINS,"还有其他别墅的泡池，可免费赠送一池热水，需要我为您推荐吗？","通用问题",PROPERTY,"[""通用问题""]",0,1,1780193933857,1780193933857,30c30b28-89d0-4db8-bed4-7666b065355e,178280427671,0,30c30b28-89d0-4db8-bed4-7666b065355e_151
1442,"禁烤可文明烤",CONTAINS,"物业规定禁止明火烤，不够大家平时正常烧都可以，只要无烟、不扰民、不被投诉就没问题。
建议尽量用无烟环保烧烤，更稳妥。","通用问题",PROPERTY,"[""通用问题""]",0,1,1780193933878,1780193933878,30c30b28-89d0-4db8-bed4-7666b065355e,178280427671,0,30c30b28-89d0-4db8-bed4-7666b065355e_162
1443,"询问入住几号",CONTAINS,"亲，您几号入住？","通用问题",PROPERTY,"[""通用问题""]",0,1,1780193933804,1780193933804,30c30b28-89d0-4db8-bed4-7666b065355e,178280427671,0,30c30b28-89d0-4db8-bed4-7666b065355e_126
1444,"花园互通",CONTAINS,"【特别说明】互通：即花园无栅栏隔开，可相互走动；住户一般在自己别墅所在区块范围内的花园娱乐；当隔壁栋无人的情况为独享；反之共用泳池；

从目前用户使用情况来看，互不影响；经常不同栋的别墅用户相互串门分享泳池呢！","通用问题",PROPERTY,"[""通用问题""]",0,1,1780193933895,1780193933895,30c30b28-89d0-4db8-bed4-7666b065355e,178280427671,0,30c30b28-89d0-4db8-bed4-7666b065355e_168
1445,"5-35-5户型",CONTAINS,"5房8床可容纲16人,总面积:310m²
一楼:客厅(卡拉OK+电视)餐厅厨房花园(泳池+秋千+烧烤桌+休闲椅)卫生间; 
        房间1(2人):[1.5米床]
二楼(8-9人):
     套房2[1.5米床+1.5米床+卫浴]
     套房3[1.5米床+1.5米床+卫浴+浴缸+阳台]
三楼(4人):
      套房4[1.5米床+1.5米床+卫浴+阳台]
四楼(2人):
      房间5:[1.5米床]","通用问题",PROPERTY,"[""通用问题""]",0,1,1780193933733,1780193933733,30c30b28-89d0-4db8-bed4-7666b065355e,178280429518,0,30c30b28-89d0-4db8-bed4-7666b065355e_97
1446,"停车",CONTAINS,"1、一栋别墅仅带一个专用停车位,只能报备一辆车入园區，超出1辆之外的可以免费停到保安停旁边(马路边不要堵路即可)

2、入住当天把要停入园區車輛的车牌号,发给房东报备方可顺畅进入园區","通用问题",PROPERTY,"[""通用问题""]",0,1,1780193933724,1780193933724,30c30b28-89d0-4db8-bed4-7666b065355e,178280429518,0,30c30b28-89d0-4db8-bed4-7666b065355e_94
1447,"城堡功能",CONTAINS,"亲，喷水城堡带有滑滑梯、喷水、攀爬、蹦蹦床等功能","通用问题",PROPERTY,"[""通用问题""]",0,1,1780193933773,1780193933773,30c30b28-89d0-4db8-bed4-7666b065355e,178280429518,0,30c30b28-89d0-4db8-bed4-7666b065355e_113
1448,"房东互推新客佣金规则",CONTAINS,"房东间推荐客佣金规则
1.佣金仅针对纯线下新客，按平台费标准计算；目前大家推荐的多是平台老客关联客户，不计佣。
2.若这类关联客户订单计佣，后续所有房东推荐的订单（包括直销、现付等低平台费订单），都会统一收取佣金并给到推荐人对应回报。
3.为帮大家实现利润最大化，同时让流程更透明，目前默认执行不计佣模式；若有房东想切换成佣金模式，随时沟通调整。

##两种模式案例说明
A：无佣金模式
张三推荐客人订李四的房，走直销渠道，李四省下平台费；同理，李四推荐客人订张三的房，张三也能享受同等优惠。
B：佣金模式
张三推荐客人订李四的房，李四需按平台费标准支付一笔介绍费给张三；反之，李四推荐客人订张三的房，张三也需支付同等金额的介绍费给李四。","通用问题",PROPERTY,"[""通用问题""]",0,1,1780193933751,1780193933751,30c30b28-89d0-4db8-bed4-7666b065355e,178280429518,0,30c30b28-89d0-4db8-bed4-7666b065355e_104
1449,"吃饭",CONTAINS,"1、附近有很多农庄哦，距离大概1~3km不等，开车比较方便。
2、按纳希小镇商业街也有很多餐馆

如：园林美食城、湖滨酒店一楼、对川问茶（早茶）自行在餐饮软件找哦，很多餐厅；","通用问题",PROPERTY,"[""通用问题""]",0,1,1780193933749,1780193933749,30c30b28-89d0-4db8-bed4-7666b065355e,178280429518,0,30c30b28-89d0-4db8-bed4-7666b065355e_103
1450,"充电桩",CONTAINS,"亲，汽车营地、会议中心那边好像有充电桩，你也可以自行搜索附近更多的充电桩","通用问题",PROPERTY,"[""通用问题""]",0,1,1780193933780,1780193933780,30c30b28-89d0-4db8-bed4-7666b065355e,178280429518,0,30c30b28-89d0-4db8-bed4-7666b065355e_116
1451,"做饭",CONTAINS,"做饭常用厨具如:刀、砧板、碗筷、燃气灶、冰箱、炒锅、汤锅,热水壶;了解更细的餐具厨具,查看详情页面有具体介绍哦!
可以理解基本做饭工具都有哦!  如果不喜欢循环用餐具，可自带一次性餐具","通用问题",PROPERTY,"[""通用问题""]",0,1,1780193933696,1780193933696,30c30b28-89d0-4db8-bed4-7666b065355e,178280429518,0,30c30b28-89d0-4db8-bed4-7666b065355e_86
1452,"景点",CONTAINS,"景点：白鹭湖生态保护区（免费）、盈香生态园(水上乐园),森林探索王国(水世界,晚上会有水上蹦迪最晚到22:00)、半山温泉、安纳希小镇（免费）、爱丽丝仙境花海、鹭湖汽车营地、越野车体验基地、国际路亚基地、鹭湖茶景园、绿野农场、悍雪小镇（滑雪）、银海高尔夫球场;--仅供参考,具体以实际为准!","通用问题",PROPERTY,"[""通用问题""]",0,1,1780193933747,1780193933747,30c30b28-89d0-4db8-bed4-7666b065355e,178280429518,0,30c30b28-89d0-4db8-bed4-7666b065355e_102
1453,"距离近",CONTAINS,"亲，距离很近，走路大概1~2分钟吧","通用问题",PROPERTY,"[""通用问题""]",0,1,1780193933767,1780193933767,30c30b28-89d0-4db8-bed4-7666b065355e,178280429518,0,30c30b28-89d0-4db8-bed4-7666b065355e_110
1454,"实拍",CONTAINS,"亲，平台上所有照片、视频均为实拍，具体的可以看平台；平台怎么样实际就是怎么样哦！","通用问题",PROPERTY,"[""通用问题""]",0,1,1780193933776,1780193933776,30c30b28-89d0-4db8-bed4-7666b065355e,178280429518,0,30c30b28-89d0-4db8-bed4-7666b065355e_114
1455,"开发票",CONTAINS,"可以开发票，但要额外收5个税点,请下单前跟我说明，平台要我这边给您开放可开票的功能 ，下单后才能开发票哦！如果您确定下单请先跟我讲一下,我操作好了您再下单哦","通用问题",PROPERTY,"[""通用问题""]",0,1,1780193933720,1780193933720,30c30b28-89d0-4db8-bed4-7666b065355e,178280429518,0,30c30b28-89d0-4db8-bed4-7666b065355e_92
1456,"位置",CONTAINS,"平台要求要下单后平台才让查看哦!下单后平台后台有展示的,否则发信息受限的哦!","通用问题",PROPERTY,"[""通用问题""]",0,1,1780193933644,1780193933644,30c30b28-89d0-4db8-bed4-7666b065355e,178280429518,0,30c30b28-89d0-4db8-bed4-7666b065355e_72
1457,"烧烤",CONTAINS,"有炭烤和电烤：
炭烤:炭烤桌中间有一个放炭的烤炉
电烤：烤涮一体锅，边火锅边烧烤的那种","通用问题",PROPERTY,"[""通用问题""]",0,1,1780193933726,1780193933726,30c30b28-89d0-4db8-bed4-7666b065355e,178280429518,0,30c30b28-89d0-4db8-bed4-7666b065355e_95
1458,"项目少",CONTAINS,"需要我这边给您推荐其他房东娱乐项目多一些的吗?","通用问题",PROPERTY,"[""通用问题""]",0,1,1780193933673,1780193933673,30c30b28-89d0-4db8-bed4-7666b065355e,178280429518,0,30c30b28-89d0-4db8-bed4-7666b065355e_78
1459,"价格",CONTAINS,"如果您考虑价格的话，我这边另一套价格更便宜的。面积小一些","通用问题",PROPERTY,"[""通用问题""]",0,1,1780193933698,1780193933698,30c30b28-89d0-4db8-bed4-7666b065355e,178280429518,0,30c30b28-89d0-4db8-bed4-7666b065355e_87
1460,"入住体验",CONTAINS,"亲，感谢您对我们工作的支持🥰，住得还满意吗？如果有不满意的地方，欢迎提出宝贵意见哦[抱拳]，便于我们改进，提升服务哦！祝您旅途愉快！🌹","通用问题",PROPERTY,"[""通用问题""]",0,1,1780193933765,1780193933765,30c30b28-89d0-4db8-bed4-7666b065355e,178280429518,0,30c30b28-89d0-4db8-bed4-7666b065355e_109
1461,"做饭烧烤收费",CONTAINS,"做饭、烧烤产生的垃圾可选择自行清理,或是从200元由保洁代劳,保洁我们是外包保洁公司做,,他们这一块收费较高,尽量自行清理，我们不希望用户额外收费!鹭湖所有别墅都一样的要求哦!

👍要求不高:垃圾放入垃圾桶即可!做饭工具自行清洗干净即可!","通用问题",PROPERTY,"[""通用问题""]",0,1,1780193933741,1780193933741,30c30b28-89d0-4db8-bed4-7666b065355e,178280429518,0,30c30b28-89d0-4db8-bed4-7666b065355e_100
1462,"推荐房源看实际价格",CONTAINS,"亲,您看到的原价,记得选择对应“入住日期”才能看到实际支付的优惠价格哦!","通用问题",PROPERTY,"[""通用问题""]",0,1,1780193933670,1780193933670,30c30b28-89d0-4db8-bed4-7666b065355e,178280429518,0,30c30b28-89d0-4db8-bed4-7666b065355e_77
1463,"结婚要求",CONTAINS,"用于婚嫁，请严格遵守物业及房东规定，现场布置全部清理至指定垃圾桶；度假区保洁会相对较高，避免给您带来高昂的额外费用🌹

【鹭湖物业规定】
1、不能在园区内产生噪音如(礼炮)
2、不能污染地面（彩带、礼花）
3、车队不能进入园区!(可一辆车入园区接亲,其他在岗停外等)
即不能给物业带来保洁\噪音\交通压力
【房东要求:】
1、墙壁请不要留有胶痕
2、请勿使用易粘物体喷洒掉地面.否则因此产生的高昂保洁费用户自行承担
3、场景布置产生的垃圾自行清理干净,避免产生额外的保洁费用!","通用问题",PROPERTY,"[""通用问题""]",0,1,1780193933754,1780193933754,30c30b28-89d0-4db8-bed4-7666b065355e,178280429518,0,30c30b28-89d0-4db8-bed4-7666b065355e_105
1464,"客人直言反馈承诺改进",CONTAINS,"真的特别感谢您向我们反馈这些问题，我们在这些方面确实做得不够完善，后续会针对它们积极改进，再次感谢您的直言！🌹🌹🌹","通用问题",PROPERTY,"[""通用问题""]",0,1,1780193933762,1780193933762,30c30b28-89d0-4db8-bed4-7666b065355e,178280429518,0,30c30b28-89d0-4db8-bed4-7666b065355e_108
1465,"景点",CONTAINS,"景点：白鹭湖生态保护区（免费）、盈香生态园(水上乐园),森林探索王国(水世界,晚上会有水上蹦迪最晚到22:00)、半山温泉、安纳希小镇（免费）、爱丽丝仙境花海、鹭湖汽车营地、越野车体验基地、国际路亚基地、鹭湖茶园、绿野农场、悍雪小镇（滑雪）、银海高尔夫球场;--仅供参考,具体以实际为准!","通用问题",PROPERTY,"[""通用问题""]",0,1,1780193933717,1780193933717,30c30b28-89d0-4db8-bed4-7666b065355e,178280429518,0,30c30b28-89d0-4db8-bed4-7666b065355e_91
1466,"您好",CONTAINS,"您好!  您这边是不是还有其他疑问?","通用问题",PROPERTY,"[""通用问题""]",0,1,1780193933736,1780193933736,30c30b28-89d0-4db8-bed4-7666b065355e,178280429518,0,30c30b28-89d0-4db8-bed4-7666b065355e_98
1467,"别墅小门",CONTAINS,"打开两栋别墅之间围栏的小门，可提前在群里说一声哦！","通用问题",PROPERTY,"[""通用问题""]",0,1,1780193933778,1780193933778,30c30b28-89d0-4db8-bed4-7666b065355e,178280429518,0,30c30b28-89d0-4db8-bed4-7666b065355e_115
1468,"不提供食物调料",CONTAINS,"亲,咱们这边只提供别墅、做饭工具、娱乐工具;不提供食物及相关的调料,食物如果共用容易出现食品安全哦!","通用问题",PROPERTY,"[""通用问题""]",0,1,1780193933636,1780193933636,30c30b28-89d0-4db8-bed4-7666b065355e,178280431436,0,30c30b28-89d0-4db8-bed4-7666b065355e_69
1469,"实体看房",CONTAINS,"亲,咱们这边不支持看房的哦,看房之后为保证下一个用户入住不受影响 ,需要再次请保洁,房东不愿意的哦!

1、咱们这边每栋别墅风格不一样,照片都实拍的哦!平台实体验真才能上线的,不可能不一致的哦!

2、之前用户借看房之名,到屋子里面拿东西,房东不在那都不让看房;避免带来损失!

3、下单后,平台会显示别墅地址,您可自行到周边参观;查看平台实拍视频!

4、如果入住时,查看房子与平台不一致是可以退款的哦! 所以您完全可以放心哦!","通用问题",PROPERTY,"[""通用问题""]",0,1,1780193933680,1780193933680,30c30b28-89d0-4db8-bed4-7666b065355e,178280429518,0,30c30b28-89d0-4db8-bed4-7666b065355e_80
1470,"垃圾处理",CONTAINS,"亲，整个鹭湖度假区要求都一样哦！酒店保洁不涉及做饭、烧烤并且收费较高；为避免给您带来额外的费用，房东希望您顺手自行清理。[玫瑰]
 要求不高，垃圾放入垃圾桶，餐厨具使用后清洗干净放回原位；🧡","通用问题",PROPERTY,"[""通用问题""]",0,1,1780193933757,1780193933757,30c30b28-89d0-4db8-bed4-7666b065355e,178280429518,0,30c30b28-89d0-4db8-bed4-7666b065355e_106
1471,"导航定位",CONTAINS,"稍等,我让房东直接发您哦!","通用问题",PROPERTY,"[""通用问题""]",0,1,1780193933651,1780193933651,30c30b28-89d0-4db8-bed4-7666b065355e,178280429518,0,30c30b28-89d0-4db8-bed4-7666b065355e_74
1472,"粤语",CONTAINS,"亲，不好意思我不会说粤语哦😅，麻烦讲一下普通话，谢谢🌹","通用问题",PROPERTY,"[""通用问题""]",0,1,1780193933771,1780193933771,30c30b28-89d0-4db8-bed4-7666b065355e,178280429518,0,30c30b28-89d0-4db8-bed4-7666b065355e_112
1473,"KTV无限 不扰民",CONTAINS,"整个度假区规定22点后不扰民：
卡拉OK房东没有时间的限制，但遵守物业规定，22点前进行，22点后控制好音量关好门窗哦！","通用问题",PROPERTY,"[""通用问题""]",0,1,1780193933722,1780193933722,30c30b28-89d0-4db8-bed4-7666b065355e,178280429518,0,30c30b28-89d0-4db8-bed4-7666b065355e_93
1474,"婚嫁",CONTAINS,"用于婚房比普通居住的价格多200元
【鹭湖物业规定】
1、不能在园区内产生噪音如(礼炮)
2、不能污染地面（彩带、礼花）
3、车队不能进入园区!(可一辆车入园區接亲,其他在岗亭外等)
即不能给物业带来保洁\噪音\交通压力
【房东要求:】
1、墙壁请不要留有胶痕
2、请勿使用易粘或轻飘物体，如:亮片、彩带；否则因此产生的【高昂保洁费】用户自行承担
3、场景布置产生的垃圾自行清理干净,避免产生额外的保洁费用!
【额外200元，非保洁、损坏费，原因如下：】
场景布置清理后,常有部份细微物体跑到角落不易清洁,墙壁多次粘贴,一段时间后容易变难看,需要进行深度保洁及刷墙,成本较高!房东都要求额外支付200元!做为后期维护成本分摊！","通用问题",PROPERTY,"[""通用问题""]",0,1,1780193933647,1780193933647,30c30b28-89d0-4db8-bed4-7666b065355e,178280429518,0,30c30b28-89d0-4db8-bed4-7666b065355e_73
1475,"5-35娱乐",CONTAINS,"娱乐项目:炭烤桌、火锅（电磁炉）、麻将、秋千、卡拉OK(美国杰宝品牌)、xbox游戏机（体感+手柄均有）、桌球（8尺2.58米）、乒乓球、大泳池、摇摇椅、儿童乐园（滑滑梯、蹦蹦床、套圈圈、儿童积木、投篮、投壶、投靶、翘翘板、海洋球、摇摇马、儿童游戏垫、不倒翁、跳跳球）、喷水城堡；
参加活动免费娱乐项目：泳圈、坐骑、水上西瓜球、加特林水枪；
恒温泡池：SPA水疗、按摩、冲浪等功能，具有缓疲劳，放松身心的作用
【尺寸】
泳池：(8m*3.5m*1.33m),实际水深1.1m以内
泡池：2*2*0.8m
非全部免费，个别按需收费，可查看平台“入住须知”","通用问题",PROPERTY,"[""通用问题""]",0,1,1780193933676,1780193933676,30c30b28-89d0-4db8-bed4-7666b065355e,178280429518,0,30c30b28-89d0-4db8-bed4-7666b065355e_79
1476,"装修新",CONTAINS,"花园是2024年装修，其他的家具家电陆续更新，保持好用的状态，坏了或是不好用就更新，没办法给出具体的准确年份哦 ，新旧程度具体以平台图片为准哦","通用问题",PROPERTY,"[""通用问题""]",0,1,1780193933768,1780193933768,30c30b28-89d0-4db8-bed4-7666b065355e,178280429518,0,30c30b28-89d0-4db8-bed4-7666b065355e_111
1477,"位置",CONTAINS,"美的鹭湖森林度假区湖山揽墅,平常要求下单后才让查看哦!","通用问题",PROPERTY,"[""通用问题""]",0,1,1780193933640,1780193933640,30c30b28-89d0-4db8-bed4-7666b065355e,178280431436,0,30c30b28-89d0-4db8-bed4-7666b065355e_71
1478,"干净一客一换",CONTAINS,"亲这个泡池的水是一客一换的哦!比较干净;","通用问题",PROPERTY,"[""通用问题""]",0,1,1780193933664,1780193933664,30c30b28-89d0-4db8-bed4-7666b065355e,178280429518,0,30c30b28-89d0-4db8-bed4-7666b065355e_76
1479,"温泉",CONTAINS,"亲.附近的""半山汤谷""可以泡温泉哦!我这边有其他别墅带泡池,可在花园泡温泉,您看要推荐给您吗?但价格会高一点哦!","通用问题",PROPERTY,"[""通用问题""]",0,1,1780193933712,1780193933712,30c30b28-89d0-4db8-bed4-7666b065355e,178280429518,0,30c30b28-89d0-4db8-bed4-7666b065355e_90
1480,"满房退房通知",CONTAINS,"亲，您看的那个房间已经订光了，暂时没有哦。等其他客人有事退出来，才会有哦🌹","通用问题",PROPERTY,"[""通用问题""]",0,1,1780193933759,1780193933759,30c30b28-89d0-4db8-bed4-7666b065355e,178280429518,0,30c30b28-89d0-4db8-bed4-7666b065355e_107
1481,"房源不满意",CONTAINS,"亲,您对这个房子还有不满意的地方吗?,若有其他需求也可提出来我这边再帮您推荐哦! 价格、房源设施、装修....都可以提的哦!我来帮您推荐满意的房子哦!","通用问题",PROPERTY,"[""通用问题""]",0,1,1780193933690,1780193933690,30c30b28-89d0-4db8-bed4-7666b065355e,178280429518,0,30c30b28-89d0-4db8-bed4-7666b065355e_83
1482,"欢迎加入民宿经营经验交流群",CONTAINS,"🎉欢迎进群！🎉👏🏻👏🏻👏🏻👏🏻👏🏻

本群定位：民宿经营经验交流+共享房屋相关资源
本群宗旨：让大家做民宿更省心，利益最大化

🥰🥰我自己做民宿已经 3 年多了，踩过的坑、攒下的经验，无保留免费分享哦。🤗

想了解可以私我， 期待和大家一起抱团搞钱！💰","通用问题",PROPERTY,"[""通用问题""]",0,1,1780193933744,1780193933744,30c30b28-89d0-4db8-bed4-7666b065355e,178280429518,0,30c30b28-89d0-4db8-bed4-7666b065355e_101
1483,"有房",CONTAINS,"亲.只要日期可选择,并能提交下单的都是有房的哦!","通用问题",PROPERTY,"[""通用问题""]",0,1,1780193933692,1780193933692,30c30b28-89d0-4db8-bed4-7666b065355e,178280429518,0,30c30b28-89d0-4db8-bed4-7666b065355e_84
1484,"下单",CONTAINS,"如果您这边确定好了日期建议您早点下单，平台规则是越早下单价格越低哦！","通用问题",PROPERTY,"[""通用问题""]",0,1,1780193933729,1780193933729,30c30b28-89d0-4db8-bed4-7666b065355e,178280429518,0,30c30b28-89d0-4db8-bed4-7666b065355e_96
1485,"餐厅",CONTAINS,"安纳希小镇上就是商业街有挺多餐厅,,或是地图上搜索附近的园林餐厅,,美食平台上搜索附近很多餐厅的哦!","通用问题",PROPERTY,"[""通用问题""]",0,1,1780193933657,1780193933657,30c30b28-89d0-4db8-bed4-7666b065355e,178280429518,0,30c30b28-89d0-4db8-bed4-7666b065355e_75
1486,"线下收押金",CONTAINS,"亲,线下收押金,押金金额每栋有所不同,平台上有对应的说明哦！

跟酒店一样退房时,管家检查房间没有问题,一般于当日18:00前原路退还的哦!","通用问题",PROPERTY,"[""通用问题""]",0,1,1780193933633,1780193933633,30c30b28-89d0-4db8-bed4-7666b065355e,178280431436,0,30c30b28-89d0-4db8-bed4-7666b065355e_68
1487,"5-35 烧烤架",CONTAINS,"碳烤炉的尺寸（80cm*30cm）,烤网只要其中一边大于30cm即可使用","通用问题",PROPERTY,"[""通用问题""]",0,1,1780193933738,1780193933738,30c30b28-89d0-4db8-bed4-7666b065355e,178280429518,0,30c30b28-89d0-4db8-bed4-7666b065355e_99
1488,"超市",CONTAINS,"园区内小卖部送货上门服务;安纳希小镇有超市商业街有超市可以买,附近三公里之内有对川农贸市场哦和杨和市场!","通用问题",PROPERTY,"[""通用问题""]",0,1,1780193933684,1780193933684,30c30b28-89d0-4db8-bed4-7666b065355e,178280429518,0,30c30b28-89d0-4db8-bed4-7666b065355e_81
1489,"近预算",CONTAINS,"亲，这个接近您的预算哦！","通用问题",PROPERTY,"[""通用问题""]",0,1,1780193933784,1780193933784,30c30b28-89d0-4db8-bed4-7666b065355e,178280429518,0,30c30b28-89d0-4db8-bed4-7666b065355e_118
1490,"连住优惠",CONTAINS,"亲，住多天都 有更多优惠 ，您一天一天选择累加和多天一块选择总价是不一样的","通用问题",PROPERTY,"[""通用问题""]",0,1,1780193933709,1780193933709,30c30b28-89d0-4db8-bed4-7666b065355e,178280429518,0,30c30b28-89d0-4db8-bed4-7666b065355e_89
1491,"改价格",CONTAINS,"亲,您先成功下一套订单,另外一套优惠后的价格,改起来较麻烦我可能晚点改好了再发你下单哦! 平台上价格多种折扣的改起业有点费劲哦!","通用问题",PROPERTY,"[""通用问题""]",0,1,1780193933639,1780193933639,30c30b28-89d0-4db8-bed4-7666b065355e,178280431436,0,30c30b28-89d0-4db8-bed4-7666b065355e_70
1492,"拼桌",CONTAINS,"现有的桌子，可拼成2.4m×1.3m、2.8m×0.85m 两种尺寸，配上岩板桌面就能直接用作会议桌。","通用问题",PROPERTY,"[""通用问题""]",0,1,1780193933782,1780193933782,30c30b28-89d0-4db8-bed4-7666b065355e,178280429518,0,30c30b28-89d0-4db8-bed4-7666b065355e_117
1493,"日期  几人",CONTAINS,"您好,您几号入住,住几人？","通用问题",PROPERTY,"[""通用问题""]",0,1,1780193933694,1780193933694,30c30b28-89d0-4db8-bed4-7666b065355e,178280429518,0,30c30b28-89d0-4db8-bed4-7666b065355e_85
1494,"选择大面积",CONTAINS,"亲,您这边居住的人相对较多,选择大面积的别墅更合适哦,小面积居住也能居住,但住起来舒适度没有大面积的好哦!","通用问题",PROPERTY,"[""通用问题""]",0,1,1780193933687,1780193933687,30c30b28-89d0-4db8-bed4-7666b065355e,178280429518,0,30c30b28-89d0-4db8-bed4-7666b065355e_82
1495,"提前或延时",CONTAINS,"1、提前入住或是延时退房，按每栋100元/小时计算;退房日期周末及节假日不可延时哦！

2、若第二天有已预订的,就不可以延时哦!

若有延时请提前说明支付费用,房东提前关房,相当于多空出一天用于延时不能出租;","通用问题",PROPERTY,"[""通用问题""]",0,1,1780193933519,1780193933519,30c30b28-89d0-4db8-bed4-7666b065355e,178280323610,0,30c30b28-89d0-4db8-bed4-7666b065355e_28
1496,46148,CONTAINS,"泡池:直径2.4米  使用:200元/池(普通热水不使用无该项费用)","通用问题",PROPERTY,"[""通用问题""]",0,1,1780193933599,1780193933599,30c30b28-89d0-4db8-bed4-7666b065355e,178280431436,0,30c30b28-89d0-4db8-bed4-7666b065355e_57
1497,5-35,CONTAINS,"大部份家电24年购买的，设备较新好用
1、卡拉OK是美国JBL品牌,音质较好；有隔音包间，可24小时唱歌；
2、2.58米标准新台球桌，电动麻+手搓备用（双麻将）
3、大面積别墅，大花园、2个大亭子+大遮阳伞无惧雨季；
4、厨房设备丰富；配有净水器
5、恒温多功能热水泡池，SPA水疗 缓解疲劳
6、丰富的儿童玩具，“喷水城堡”可选
7、4张桌子32个椅子；无惧人多
8、带有隔音房间，可24小时K歌；电动+手搓双麻将
9、炭烧烤桌比普通烧烤炉大，烧烤更方便","通用问题",PROPERTY,"[""通用问题""]",0,1,1780193933514,1780193933514,30c30b28-89d0-4db8-bed4-7666b065355e,178280323610,0,30c30b28-89d0-4db8-bed4-7666b065355e_26
1498,"阁楼",CONTAINS,"亲,四楼的房间与三楼房间互通,无单独的门锁,可以理解为阁楼,房间与普通房间是一样的哦!","通用问题",PROPERTY,"[""通用问题""]",0,1,1780193933569,1780193933569,30c30b28-89d0-4db8-bed4-7666b065355e,178280431436,0,30c30b28-89d0-4db8-bed4-7666b065355e_45
1499,"使用泡池或泳池",CONTAINS,"亲,您这边使用泡池/泳池吗?","通用问题",PROPERTY,"[""通用问题""]",0,1,1780193933560,1780193933560,30c30b28-89d0-4db8-bed4-7666b065355e,178280431436,0,30c30b28-89d0-4db8-bed4-7666b065355e_42
1500,"3+5联排",CONTAINS,"★别墅由A、B栋组成一大栋,7房11床,可住18-21人
A栋:
一楼:客厅(麻将桌+电视)餐厅厨房花园(泳池) 卫生间;
二楼: 房间1 (2-3人)[1张1.8米床+阳台]
          房间2(3-4人)[1.2米床+1.8米床]
          卫浴
 三楼:房间3(4人):[1.5米床+1.5米床+卫浴+露台+阳台]
 四楼:房间4(1人):[1.2米床]复式楼层无单独门
 （复式楼层:抵达房间经过三楼房间,
     与三楼房间共用门;正常的层高;）
B栋:
  一楼:客厅(卡拉OK+麻将桌+电视)餐厅厨房花园(泳池+空中滑滑梯）卫生间;
   二楼：房间5(2-3人):[1张1.8米床+阳台]
              房间6(2人)[1.2米床+1.2米床]
               卫浴
   三楼: 套房7(4人)[1.5米床+1.5米床+卫浴+露台+阳台]","通用问题",PROPERTY,"[""通用问题""]",0,1,1780193933497,1780193933497,30c30b28-89d0-4db8-bed4-7666b065355e,178280325738,0,30c30b28-89d0-4db8-bed4-7666b065355e_20
1501,"鹭湖3巷77号",CONTAINS,"户型

   4房5床1厨3卫 可住宜7人

   一楼:客厅(卡拉OK+麻将)、厨房(做饭、火锅)、卫生间、花园(炭烧烤)、停车位

   二楼(4-6人):卫浴
              房间1[1.8米床]
              房间2[1.8米床]

   三楼(2人):套房2[1.2米床+1.2米床+卫浴]

    四楼(2人):房间3[1.5米床]+露台(无单独门,复式楼层)
    复式楼层:抵达房间经过三楼房间,与三楼房间共用门;正常的层高;","通用问题",PROPERTY,"[""通用问题""]",0,1,1780193933553,1780193933553,30c30b28-89d0-4db8-bed4-7666b065355e,178280431436,0,30c30b28-89d0-4db8-bed4-7666b065355e_39
1502,"玩水",CONTAINS,"附近水世界可以玩水的哦,开车3分钟以!园区物业那边有泳池开放人均35元; 可以考虑订没有泳池的房源再到附近玩水哦!","通用问题",PROPERTY,"[""通用问题""]",0,1,1780193933511,1780193933511,30c30b28-89d0-4db8-bed4-7666b065355e,178280323610,0,30c30b28-89d0-4db8-bed4-7666b065355e_24
1503,"湖光鹭影小区超市",CONTAINS,"湖光鹭影的岗亭入口处有一个超市,一般烧烤用品都有得买,或是附近500米左右的安纳希小镇也有得买;","通用问题",PROPERTY,"[""通用问题""]",0,1,1780193933630,1780193933630,30c30b28-89d0-4db8-bed4-7666b065355e,178280431436,0,30c30b28-89d0-4db8-bed4-7666b065355e_67
1504,"额外",CONTAINS,"✔️涉及免费范围、消费项目；可查看平台的【入住须知】
1、除了明确说明费用外，其他设备均免费使用;
3、遵守卫生守则,不搞脏乱差,不破坏物品,没有其他额外收费的哦!","通用问题",PROPERTY,"[""通用问题""]",0,1,1780193933580,1780193933580,30c30b28-89d0-4db8-bed4-7666b065355e,178280431436,0,30c30b28-89d0-4db8-bed4-7666b065355e_49
1505,"推荐温泉泡池",CONTAINS,"亲,您当前看的这一套不带泡池的哦!,您看是否要我这边给您推荐其他套带泡池的,价格会比无泡池的高一些哦!","通用问题",PROPERTY,"[""通用问题""]",0,1,1780193933577,1780193933577,30c30b28-89d0-4db8-bed4-7666b065355e,178280431436,0,30c30b28-89d0-4db8-bed4-7666b065355e_48
1506,"有房源",CONTAINS,"您看是否需要我这边给您推荐其他有房源得房子哦!","通用问题",PROPERTY,"[""通用问题""]",0,1,1780193933625,1780193933625,30c30b28-89d0-4db8-bed4-7666b065355e,178280431436,0,30c30b28-89d0-4db8-bed4-7666b065355e_65
1507,"钓鱼",CONTAINS,"可以的,附近的园区附近1公里内免费钓鱼及付费的钓鱼农庄","通用问题",PROPERTY,"[""通用问题""]",0,1,1780193933522,1780193933522,30c30b28-89d0-4db8-bed4-7666b065355e,178280323610,0,30c30b28-89d0-4db8-bed4-7666b065355e_29
1508,"无泡池",CONTAINS,"亲,您当前看的这套房源不带泡池,我有其他套带泡池的房源,价格相对高一些哦! 价格在1000左右","通用问题",PROPERTY,"[""通用问题""]",0,1,1780193933585,1780193933585,30c30b28-89d0-4db8-bed4-7666b065355e,178280431436,0,30c30b28-89d0-4db8-bed4-7666b065355e_51
1509,"申请优惠",CONTAINS,"我跟房东商量一下,到时您给一个五星好评,这样房东乐意,您也得到实惠! 您看可以吗?","通用问题",PROPERTY,"[""通用问题""]",0,1,1780193933536,1780193933536,30c30b28-89d0-4db8-bed4-7666b065355e,178280323610,0,30c30b28-89d0-4db8-bed4-7666b065355e_32
1510,"誉5-6",CONTAINS,"1、户型:
    4房7床3卫1厨房,面积213,可住13人
 一楼:客厅(卡拉OK+麻将桌+电视)\餐厅厨房\花园(烧烤架+休闲椅+泡池+儿童水上乐园）卫生间;

二楼：房间1(4人):[1.5米+1.5床]
          房间2(4人)[1.5米床+1.5米床]
         卫浴
三楼:房间3(4人)[1.5米床+1.5+卫浴+双阳台+露台]

四楼:房间4(1人)[1.2米床](无单独门,复式楼层)
        大露台
       复式楼层:抵达房间经过三楼房间,与三楼房间共用门;正常的层高;

泡池:直径2.4米圆形泡池,
泳池含儿童乐园尺寸:6.5*3.5*0.8米","通用问题",PROPERTY,"[""通用问题""]",0,1,1780193933494,1780193933494,30c30b28-89d0-4db8-bed4-7666b065355e,178280325738,0,30c30b28-89d0-4db8-bed4-7666b065355e_19
1511,"偏僻",CONTAINS,"亲,房子都在别墅区里面,只要走正确的路线,没有偏僻的哦,只有路边与非路边的区别!","通用问题",PROPERTY,"[""通用问题""]",0,1,1780193933551,1780193933551,30c30b28-89d0-4db8-bed4-7666b065355e,178280431436,0,30c30b28-89d0-4db8-bed4-7666b065355e_38
1512,"水干净卫生",CONTAINS,"1、泳池自带水循环净化系统；自动净化、消毒、杀菌;不定期全池保洁换水，补水;水干净卫生;所有私家泳池均采用循环用水；
2、非一客一换，除非泡池或刚好入住 那天赶上换水；

若要全新换水,费用另算,夏天用水高峰期,换一次水4-10小时哦,可能影响使用的时长哦","通用问题",PROPERTY,"[""通用问题""]",0,1,1780193933516,1780193933516,30c30b28-89d0-4db8-bed4-7666b065355e,178280323610,0,30c30b28-89d0-4db8-bed4-7666b065355e_27
1513,"好评管家不知",CONTAINS,"亲,因活动成本较高,管家不愿意做这活动,后续避免让管家知道好评送包一池水的活动;确定参加活动可提前转我费用,未开池前均可退款","通用问题",PROPERTY,"[""通用问题""]",0,1,1780193933532,1780193933532,30c30b28-89d0-4db8-bed4-7666b065355e,178280323610,0,30c30b28-89d0-4db8-bed4-7666b065355e_31
1514,"好评部份优惠",CONTAINS,"亲,您看要不这样,好评返现的形式返您50元;这个仅限于使用泳池;您看可以吗?","通用问题",PROPERTY,"[""通用问题""]",0,1,1780193933547,1780193933547,30c30b28-89d0-4db8-bed4-7666b065355e,178280431436,0,30c30b28-89d0-4db8-bed4-7666b065355e_37
1515,5+3,CONTAINS,"1、带有水上乐园(雨蘑菇、五锥倒倒水桶)空中滑滑梯、20米超大泳池；
3、两个客厅一个客厅用于唱歌,一个客厅用于麻将
互不干扰;
4、两台麻将桌","通用问题",PROPERTY,"[""通用问题""]",0,1,1780193933487,1780193933487,30c30b28-89d0-4db8-bed4-7666b065355e,178280325738,0,30c30b28-89d0-4db8-bed4-7666b065355e_17
1516,"别墅景区中间",CONTAINS,"别墅在度假区里面,离景区较近,不同景区距离不一样!几百米到1km不等哦! 会有不定时的观光车直达景区,人均5元左右","通用问题",PROPERTY,"[""通用问题""]",0,1,1780193933613,1780193933613,30c30b28-89d0-4db8-bed4-7666b065355e,178280431436,0,30c30b28-89d0-4db8-bed4-7666b065355e_61
1517,"性价比高",CONTAINS,"亲,周边找到这个价格同时使用泳池不额外付费基本没有哦,泳池属于中等水平刚好大小,大人小孩子都适合玩的哦!性价比很高哦!比较实用,娱乐设施也较全的哦!","通用问题",PROPERTY,"[""通用问题""]",0,1,1780193933628,1780193933628,30c30b28-89d0-4db8-bed4-7666b065355e,178280431436,0,30c30b28-89d0-4db8-bed4-7666b065355e_66
1518,"泡池优惠做好评",CONTAINS,"要不我跟房东商量一下泡池费用收少一点，差价就相当于做好评，流程：泡池费200—退房后符合要求好评，房东再退您100，相当于实际付100，您看可以吗？这样您得到实惠，房东也乐意哦","通用问题",PROPERTY,"[""通用问题""]",0,1,1780193933571,1780193933571,30c30b28-89d0-4db8-bed4-7666b065355e,178280431436,0,30c30b28-89d0-4db8-bed4-7666b065355e_46
1519,3-77,CONTAINS,"1、该房源22年交付装修,设备新颖,家具家电较新,娱乐设备全! 居住舒适度较高!
2、带有烧烤桌比普通的烧烤炉更方便哦!","通用问题",PROPERTY,"[""通用问题""]",0,1,1780193933512,1780193933512,30c30b28-89d0-4db8-bed4-7666b065355e,178280323610,0,30c30b28-89d0-4db8-bed4-7666b065355e_25
1520,"这一套有KTV",CONTAINS,"KTV是家庭版本的,可能不是那么专业的哦!","通用问题",PROPERTY,"[""通用问题""]",0,1,1780193933608,1780193933608,30c30b28-89d0-4db8-bed4-7666b065355e,178280431436,0,30c30b28-89d0-4db8-bed4-7666b065355e_59
1521,"停车抄牌",CONTAINS,"自有度假区以来,未出现过抄牌;如果您觉得停在马路边心理负担,可以停附近500米有个安纳希小镇,很多停车位,都是免费的!","通用问题",PROPERTY,"[""通用问题""]",0,1,1780193933582,1780193933582,30c30b28-89d0-4db8-bed4-7666b065355e,178280431436,0,30c30b28-89d0-4db8-bed4-7666b065355e_50
1522,"5-35-6房户型",CONTAINS,"6房11床,可住22-23人,310m²,独立6房
  一楼:
客厅、餐厅厨房、花园面积110m²、卫生间;
房间1(2人):[1.5米床]
二楼(10-11人):
套房2[1.5床+1.5床+卫浴]
套房3[1.5米床+1.8米沙发床+1.5米床+卫浴+浴缸+阳台]
三楼(8人):
套房4[1.5床+1.5床+阳台]
卫浴
房间5[1.6床沙发床+1.6床沙发床+露台]
四楼(2人):
房间6:[1.5米床]
✅22：00后需要唱歌，请移步到三楼隔音房间，关好门窗","通用问题",PROPERTY,"[""通用问题""]",0,1,1780193933566,1780193933566,30c30b28-89d0-4db8-bed4-7666b065355e,178280431436,0,30c30b28-89d0-4db8-bed4-7666b065355e_44
1523,"5巷3号",CONTAINS,"【大泳池、花园与隔壁栋互通,隔壁栋无人住为独享】
【户型】
⭐4房6床1厨3卫可住10-12人
一楼:客厅(卡拉OK+麻将桌+电视)\餐厅厨房\花园(泳池+烧烤桌+休闲椅)  \卫生间;                   
二楼:  
         房间1(2-3人)[1.8米床+阳台]
         房间2(3-4人):[1.2米床+1.8米床]
       卫浴
 三楼:房间3(4人)[1.5米床+1.5米床+卫浴+露台+阳台]

 四楼:房间4(1人):[1.2米床]复式楼层无单独门
 ※复式楼层:抵达房间经过三楼房间,与三楼房间共用门;正常的层高;","通用问题",PROPERTY,"[""通用问题""]",0,1,1780193933489,1780193933489,30c30b28-89d0-4db8-bed4-7666b065355e,178280325738,0,30c30b28-89d0-4db8-bed4-7666b065355e_18
1524,"6巷29",CONTAINS,"4房5床1厨3卫2阳台，适合10-14人入住(1.8米床按3人算可住上限人数)
一楼：大厅(卡拉OK)、厨房(麻将、做饭、火锅)、花园(烧烤炉、秋千、儿童玩具)、卫生间
二楼(4-6)：卫浴
       房间1[1.8米床]
       房间2[1.8米床]
三楼(4-6人)：套房3[1.8米床+1.8米床+卫浴]
四楼(2人) :房间4[1.5米床](无单独门,复式楼层)
复式楼层:抵达房间经过三楼房间,与三楼房间共用门;正常的层高;","通用问题",PROPERTY,"[""通用问题""]",0,1,1780193933591,1780193933591,30c30b28-89d0-4db8-bed4-7666b065355e,178280431436,0,30c30b28-89d0-4db8-bed4-7666b065355e_53
1525,"送碳活动",CONTAINS,"该房东有阶段性的送碳或烤网的活动，如果您不想买的话，可以咨询一下房东；有活动的话可以参加一下活动，省得买","通用问题",PROPERTY,"[""通用问题""]",0,1,1780193933563,1780193933563,30c30b28-89d0-4db8-bed4-7666b065355e,178280431436,0,30c30b28-89d0-4db8-bed4-7666b065355e_43
1526,"人数计算",CONTAINS,"房间居住人数按如下方式计算:
1.8床--3人
1.5床---2人
1.2床---1人","通用问题",PROPERTY,"[""通用问题""]",0,1,1780193933623,1780193933623,30c30b28-89d0-4db8-bed4-7666b065355e,178280431436,0,30c30b28-89d0-4db8-bed4-7666b065355e_64
1527,"泳池使用提前说",CONTAINS,"使用泳池请务必提前说明,我们好提前进行泳池前期的准备工作(换水、消毒、净化)","通用问题",PROPERTY,"[""通用问题""]",0,1,1780193933556,1780193933556,30c30b28-89d0-4db8-bed4-7666b065355e,178280431436,0,30c30b28-89d0-4db8-bed4-7666b065355e_41
1528,"做饭烧烤垃圾清理",CONTAINS,"酒店保洁不涉及做饭烧烤垃圾清理哦,做饭餐具自行清洗,做饭烧烤的垃圾放到别墅入户门旁边垃圾桶;这个清理起来很简单哦!","通用问题",PROPERTY,"[""通用问题""]",0,1,1780193933620,1780193933620,30c30b28-89d0-4db8-bed4-7666b065355e,178280431436,0,30c30b28-89d0-4db8-bed4-7666b065355e_63
1529,"泳池活动",CONTAINS,"当前价格不包含泳池费用,泳池200元/池水,近期有免费使用泳池活动,需要可以参加!","通用问题",PROPERTY,"[""通用问题""]",0,1,1780193933508,1780193933508,30c30b28-89d0-4db8-bed4-7666b065355e,178280323610,0,30c30b28-89d0-4db8-bed4-7666b065355e_23
1530,"泡池200",CONTAINS,"亲,泡池可以加热水泡私汤的哦!
【按需收费】(不使用无该项费用)
泡池：200元/池水（普通热水）建议白天或是室外温度15℃以上用泡池，室外温度较低的情况下，水温受影响体验欠佳！（气温低的情况下时间缩短）;
✅【正确泡法】水放到合适高度即可开始泡,边放边泡，一池水的一般可用2-3小时（气温低的情况下时间缩短）;
❌避免水放满后再泡，可泡时间短，水凉影响使用

★请于入住当天16：00前确认好放水的时间,以免太晚工作人员下班无法使用哦！","通用问题",PROPERTY,"[""通用问题""]",0,1,1780193933605,1780193933605,30c30b28-89d0-4db8-bed4-7666b065355e,178280431436,0,30c30b28-89d0-4db8-bed4-7666b065355e_58
1531,"查看平台",CONTAINS,"亲，每栋别墅在平台介绍栏目有【户型】【娱乐设备】【包含项目 \按需收费项目】【停车】等详细说明哦！
※平台发送消息字数限制，全面的信息可通过介绍一栏查看","通用问题",PROPERTY,"[""通用问题""]",0,1,1780193933502,1780193933502,30c30b28-89d0-4db8-bed4-7666b065355e,178280323610,0,30c30b28-89d0-4db8-bed4-7666b065355e_21
1532,"发信息受限",CONTAINS,"亲,没下单之前,平台上发消息受限哦!很多消息是认为敏感信息直接删掉发不出去哦!","通用问题",PROPERTY,"[""通用问题""]",0,1,1780193933611,1780193933611,30c30b28-89d0-4db8-bed4-7666b065355e,178280431436,0,30c30b28-89d0-4db8-bed4-7666b065355e_60
1533,"标配",CONTAINS,"每栋别墅都配有，卡拉OK、烧烤、麻将、火锅等娱乐设备","通用问题",PROPERTY,"[""通用问题""]",0,1,1780193933595,1780193933595,30c30b28-89d0-4db8-bed4-7666b065355e,178280431436,0,30c30b28-89d0-4db8-bed4-7666b065355e_55
1534,"入住找房东",CONTAINS,"亲,后续任何与入住相关的问题,都可以找房东哦!

 续住或更多别墅预订,可以直接联系我哦!","通用问题",PROPERTY,"[""通用问题""]",0,1,1780193933589,1780193933589,30c30b28-89d0-4db8-bed4-7666b065355e,178280431436,0,30c30b28-89d0-4db8-bed4-7666b065355e_52
1535,"扣押金",CONTAINS,"到时这么操作,退房后您按要求给全五星好评,未按符合要求评价，房东从押金里面抵扣相应的费用!","通用问题",PROPERTY,"[""通用问题""]",0,1,1780193933505,1780193933505,30c30b28-89d0-4db8-bed4-7666b065355e,178280323610,0,30c30b28-89d0-4db8-bed4-7666b065355e_22
1536,"蚊子",CONTAINS,"别墅不低楼层的房子，绿化较好蚊子相对多一些,房子里面备有蚊香哦!卧室可在休息前关好门窗空调,点蚊香,蚊子灭光后再开空调休息!","通用问题",PROPERTY,"[""通用问题""]",0,1,1780193933574,1780193933574,30c30b28-89d0-4db8-bed4-7666b065355e,178280431436,0,30c30b28-89d0-4db8-bed4-7666b065355e_47
1537,"价格多少",CONTAINS,"1、亲,不同日期的价格不同,请选择对应日期,平台显示实际支付的价格哦!
2、您看到的价格叠加各类优惠比我看到的便宜哦!  以您选择价格为准!","通用问题",PROPERTY,"[""通用问题""]",0,1,1780193933538,1780193933538,30c30b28-89d0-4db8-bed4-7666b065355e,178280431436,0,30c30b28-89d0-4db8-bed4-7666b065355e_33
1538,"5-35泳池大小",CONTAINS,"【常温泳池按需收费】默认不用，无相关费用
循环用水（大泳池带净化系统）：200/晚；  特殊要求全新加水：500/晚，
🌸平台须知说明的免费日期除外
【设施】
泳池：3.5米*8米*1.33米;这个尺寸在鹭湖那边属于大泳池,自带水循环净化系统,自动换水杀菌!","通用问题",PROPERTY,"[""通用问题""]",0,1,1780193933555,1780193933555,30c30b28-89d0-4db8-bed4-7666b065355e,178280431436,0,30c30b28-89d0-4db8-bed4-7666b065355e_40
1539,"按需收费",CONTAINS,"定价较低, 不含泳池、泡池费用! 有需要的按需收费，不用无相关费用哦！

加完相关费，总价也比同类条件的房源价格低哦🌸","通用问题",PROPERTY,"[""通用问题""]",0,1,1780193933545,1780193933545,30c30b28-89d0-4db8-bed4-7666b065355e,178280431436,0,30c30b28-89d0-4db8-bed4-7666b065355e_36
1540,"未预订遇到问题",CONTAINS,"亲,看您这边还没确定好预订,是否在预订过程中遇到问题 ,比如户型、价格、或是其他问题,方便跟我讲,我看一下我这边有没有办法帮您解决呢!","通用问题",PROPERTY,"[""通用问题""]",0,1,1780193933543,1780193933543,30c30b28-89d0-4db8-bed4-7666b065355e,178280431436,0,30c30b28-89d0-4db8-bed4-7666b065355e_35
1541,"半山汤谷距离",CONTAINS,"半山汤谷:直线距离700米左右,走路15分钟,开车5分钟之内，随季节波动价格在50-140不等","通用问题",PROPERTY,"[""通用问题""]",0,1,1780193933597,1780193933597,30c30b28-89d0-4db8-bed4-7666b065355e,178280431436,0,30c30b28-89d0-4db8-bed4-7666b065355e_56
1542,"几号",CONTAINS,"您这边预计几号入住哦!","通用问题",PROPERTY,"[""通用问题""]",0,1,1780193933616,1780193933616,30c30b28-89d0-4db8-bed4-7666b065355e,178280431436,0,30c30b28-89d0-4db8-bed4-7666b065355e_62
1543,"泳池2种收费都有",CONTAINS,"亲,咱们这边有包泳池及分开收费的房源都有,如果您需要包泳池的我也可以发您参考 ,价格可能会高一些哦!","通用问题",PROPERTY,"[""通用问题""]",0,1,1780193933539,1780193933539,30c30b28-89d0-4db8-bed4-7666b065355e,178280431436,0,30c30b28-89d0-4db8-bed4-7666b065355e_34
1544,"查看平台",CONTAINS,"亲,具本细节,请查看平台上的说明哦!  平台我们整后最详细的哦!  栋数较多每一栋记得不是很清哦!","通用问题",PROPERTY,"[""通用问题""]",0,1,1780193933526,1780193933526,30c30b28-89d0-4db8-bed4-7666b065355e,178280323610,0,30c30b28-89d0-4db8-bed4-7666b065355e_30
1545,"分开收费",CONTAINS,"1、包含与否在于定价；
2、价格里都包含；价格自然就高了；考虑并非所有用户都会用到，采用按需收费哦！让用户自由选择哦！","通用问题",PROPERTY,"[""通用问题""]",0,1,1780193933470,1780193933470,30c30b28-89d0-4db8-bed4-7666b065355e,178280325738,0,30c30b28-89d0-4db8-bed4-7666b065355e_10
1546,"推荐3+5",CONTAINS,"两栋组成一大栋，同一个花园及20米大泳池，可以理解为同一大栋的左右两边；

A栋:4房6床1厨3卫可住8-10人,共用大泳池+泡池+蹦蹦床+雨蘑菇+五锥倒水桶

B栋:3房5床可住9人;共用20米大泳池+泡池(200/池水)+蹦蹦床+空中滑滑梯","通用问题",PROPERTY,"[""通用问题""]",0,1,1780193933482,1780193933482,30c30b28-89d0-4db8-bed4-7666b065355e,178280325738,0,30c30b28-89d0-4db8-bed4-7666b065355e_15
1547,test_rule_50000,CONTAINS,test,test,ALL,[],0,1,178179620961,178179620961,30c30b28-89d0-4db8-bed4-7666b065355e,178280325738,0,30c30b28-89d0-4db8-bed4-7666b065355e_50000
1548,"10点后不能唱歌",CONTAINS,"该栋22：00后不能卡拉OK，以免扰民！ 亲可以入住后开始唱歌哦！这样时间比较充裕哦！","通用问题",PROPERTY,"[""通用问题""]",0,1,1780193933454,1780193933454,30c30b28-89d0-4db8-bed4-7666b065355e,178280325738,0,30c30b28-89d0-4db8-bed4-7666b065355e_5
1549,"五街6号设施缺陷, 水上设备不可用",CONTAINS,"特别说明：水上设备的倒水喷水功能维护中，暂不可用；泳池、滑滑梯可正常使用。","通用问题",PROPERTY,[],0,1,1780193933432,1780193933432,30c30b28-89d0-4db8-bed4-7666b065355e,178280325738,0,30c30b28-89d0-4db8-bed4-7666b065355e_1
1550,"超员免费",CONTAINS,"1、平台上免费人数为宜居人数,生活用品按宜居人数配,
2、超人数不额外收费,额外人数的无相关生活用品配备,只要您看平台上的户型住得下即可哦!","通用问题",PROPERTY,"[""通用问题""]",0,1,1780193933477,1780193933477,30c30b28-89d0-4db8-bed4-7666b065355e,178280325738,0,30c30b28-89d0-4db8-bed4-7666b065355e_13
1551,"3, 5互通",CONTAINS,"这一栋花园、泳池与隔壁栋互通,房间是独栋的;用户入住后可各自玩各自部份,互不影响哦!","通用问题",PROPERTY,"[""通用问题""]",0,1,1780193933472,1780193933472,30c30b28-89d0-4db8-bed4-7666b065355e,178280325738,0,30c30b28-89d0-4db8-bed4-7666b065355e_11
1552,"婚嫁自行保洁不收费",CONTAINS,"亲，到时退房后场景布置的物品清理到垃圾桶;包含一些跑到隐蔽角落的轻飘物体（亮片彩带），清场后不留结婚布置垃圾痕迹 ，我跟房东商量一下不收这个费用了！  您看可以吗?","通用问题",PROPERTY,"[""通用问题""]",0,1,1780193933456,1780193933456,30c30b28-89d0-4db8-bed4-7666b065355e,178280325738,0,30c30b28-89d0-4db8-bed4-7666b065355e_6
1553,"泳池放水水压低",CONTAINS,"亲，市政管控水压，瞬时出水量固定；泳池放水会分流降压，楼上淋浴暂时无法使用。如需楼上用水或泳池水满，@管家关进水口即可🌹","通用问题",ALL,[],0,1,1780193933441,1780193933441,30c30b28-89d0-4db8-bed4-7666b065355e,178280325738,0,30c30b28-89d0-4db8-bed4-7666b065355e_2
1554,"婚嫁不布置不收费",CONTAINS,"若类似于旅居;不进行场景布置(亮片、贴墙壁)等带来墙壁维护频次；易粘易飘散物品，带来特殊保洁;可以不收用于结婚200元费用的哦!","通用问题",PROPERTY,"[""通用问题""]",0,1,1780193933458,1780193933458,30c30b28-89d0-4db8-bed4-7666b065355e,178280325738,0,30c30b28-89d0-4db8-bed4-7666b065355e_7
1555,"誉5-5",CONTAINS,"【与隔壁栋互通花园及20米大泳池(隔壁栋空房时即独享)】
2、户型
   ⭐3房5床可住9人
  一楼:客厅(卡拉OK+麻将桌+电视)\餐厅厨房\花园(泳池+烧烤桌+休闲椅+空中滑滑梯）卫生间;

   二楼：
           房间1(2-3人)[1.8米床+阳台]
            房间2(2人):[1.2米床+1.2米床]
              卫浴

 三楼:套房3(4人)[1.5米床+1.5米床+卫浴+露台+阳台]","通用问题",PROPERTY,"[""通用问题""]",0,1,1780193933485,1780193933485,30c30b28-89d0-4db8-bed4-7666b065355e,178280325738,0,30c30b28-89d0-4db8-bed4-7666b065355e_16
1556,"禁止炭烤",CONTAINS,"1、物业规定是不能炭烤,但只要【文明烧烤，少烟（无烟碳+少量烤），物业不会干预】；若烟味较大，引来业主投诉；配合物业改成电烤即可!
2、一年会出现2-3次小概率投诉事件；炭烤时避免浓烟扰民即可!(整个度假区的规定都一样,概率小,其他商家基本都不会说明)","通用问题",PROPERTY,"[""通用问题""]",0,1,1780193933452,1780193933452,30c30b28-89d0-4db8-bed4-7666b065355e,178280325738,0,30c30b28-89d0-4db8-bed4-7666b065355e_4
1557,"图片真实",CONTAINS,"图片都是实拍的,每栋不同装修风格,图片与实物一致的哦! 订的房源展示图片,对应您到时入住的房子哦!","通用问题",PROPERTY,"[""通用问题""]",0,1,1780193933468,1780193933468,30c30b28-89d0-4db8-bed4-7666b065355e,178280325738,0,30c30b28-89d0-4db8-bed4-7666b065355e_9
1558,"分开收费划算",CONTAINS,"亲，泡池高能耗，用的人不多；所以按需收费（不用无相关费用）

若泡池，房费变高；很多不用的人不愿意为泡池买单的哦

🌸算上泡池费后与同等条件（面积、设备、装修）相比价格也划算很多哦！","通用问题",PROPERTY,"[""通用问题""]",0,1,1780193933474,1780193933474,30c30b28-89d0-4db8-bed4-7666b065355e,178280325738,0,30c30b28-89d0-4db8-bed4-7666b065355e_12
1559,"誉3+5",CONTAINS,"💰泳池、泡池按需收费;(不使用无该项费用)
【泡池】:200/池（尺寸：3米*2.3*）
【恒温泳池】:第1晚1500.第2晚起1000/天[恒温水温30°C左右]
【常温泳池】:第1晚500,第2晚起200/天

除泳池、泡池外,别墅内设备均免费使用!
泳池尺寸;长20*宽2.6*深1m;默认干池
※使用请提前1天说明,否则可能来不及准备哦!
确定使用直接支付相关费用给房东,开池放水之后不可退相关费用!","通用问题",PROPERTY,"[""通用问题""]",0,1,1780193933480,1780193933480,30c30b28-89d0-4db8-bed4-7666b065355e,178280325738,0,30c30b28-89d0-4db8-bed4-7666b065355e_14
1560,"常温泳池冬天",CONTAINS,"亲，这个季节天气冷，泳池水会比较冷哦！用泡池可能会更好一些！

泳池默认是干池的，有需要游泳按需收费

若需要【泡池房】【恒温泳池房】我这边可以给您推荐哦！","通用问题",PROPERTY,"[""通用问题""]",0,1,1780193933465,1780193933465,30c30b28-89d0-4db8-bed4-7666b065355e,178280325738,0,30c30b28-89d0-4db8-bed4-7666b065355e_8
1561,"恒温说明",CONTAINS,"恒温泳池按需收费
1、第一晚1500元；第二晚起每晚1000元
2、恒温泳池水温为30℃，同游泳馆的恒温泳池水的温度差不多；没有冬泳习惯的不建议用，会觉得冷哦，
3、能耗成本也较高的哦!如果人多用起划算的,人少的话建议用泡池划算一些；","通用问题",PROPERTY,"[""通用问题""]",0,1,1780193933446,1780193933446,30c30b28-89d0-4db8-bed4-7666b065355e,178280325738,0,30c30b28-89d0-4db8-bed4-7666b065355e_3
1562,"有房",CONTAINS,"您好，平台上能选、能下单的日期，都有房。
 
您看到的价格就是实付价，已叠加所有优惠，是最优惠的。
 
直接选日期下单就行~","通用问题",PROPERTY,"[""通用问题""]",0,1,1780193934294,1780193934294,30c30b28-89d0-4db8-bed4-7666b065355e,178280419468,0,30c30b28-89d0-4db8-bed4-7666b065355e_356
1563,"场景, 布置, 生日",CONTAINS,"场景布置须知
1、可自行布置房间，请勿损坏墙面，以免产生高额维修费用。
2、避免使用胶水、胶带等易残留物品，以免清洁困难。
3、退房时请自行将布置垃圾清理至垃圾桶；否则保洁公司会额外的收取保洁费用哦","通用问题",PROPERTY,"[""通用问题""]",0,1,1780193934310,1780193934310,30c30b28-89d0-4db8-bed4-7666b065355e,178280419468,0,30c30b28-89d0-4db8-bed4-7666b065355e_363
1564,"独立卫生间",CONTAINS,"亲，别墅内其中有6个房间，配备独立卫生间；","通用问题",PROPERTY,"[""通用问题""]",0,1,1780193934298,1780193934298,30c30b28-89d0-4db8-bed4-7666b065355e,178280419468,0,30c30b28-89d0-4db8-bed4-7666b065355e_358
1565,"温泉, 泡温泉, 别墅里面有温泉吗, 泡池, 汤, 汤池",CONTAINS,"这栋别墅带有泡池,可泡私汤（普通热水）
默认不使用无相关费用，使用请提前1天说明否则可能无法使用，费用150一池热水","通用问题",PROPERTY,"[""通用问题""]",0,1,1780193934254,1780193934254,30c30b28-89d0-4db8-bed4-7666b065355e,178280419468,0,30c30b28-89d0-4db8-bed4-7666b065355e_338
1566,"隐藏, 额外收费, 加收, 付款, 另外",CONTAINS,"亲，您放心哈~ 😊
 
1.平台“入住须知”里写清了所有消费项目，没有隐藏收费的哦~，没提到的都是免费的，付费项目平时很少碰到，也不会误用哒~ ✨
 
2下单后，房东还会用图文形式再次确认，绝对不会有隐藏消费，您尽管放心~ 😌
 
3.这些消费项目是可选的增值服务，是为了丰富您的娱乐选择呀，就算不选，能体验的娱乐也不少，完全不影响入住哦~ 😎","通用问题",PROPERTY,"[""通用问题""]",0,1,1780193934286,1780193934286,30c30b28-89d0-4db8-bed4-7666b065355e,178280419468,0,30c30b28-89d0-4db8-bed4-7666b065355e_352
1567,"麻将, 麻雀, 麻将桌, 麻将机, 电动麻将",CONTAINS,"别墅内配有一台电动麻将机，还备有一副手搓麻将，若需使用手搓麻将请提前告知哦~","通用问题",PROPERTY,"[""通用问题""]",0,1,1780193934288,1780193934288,30c30b28-89d0-4db8-bed4-7666b065355e,178280419468,0,30c30b28-89d0-4db8-bed4-7666b065355e_353
1568,"吃, 餐厅, 农家乐, 早餐, 吃饭, 饭店, 茶餐厅",CONTAINS,"1. 附近有很多农家乐，需要开车去，距离2~3km不等。
2. 最近的安纳希小镇商业街有餐厅（有早餐）。
3. 对川农贸市场有早餐。","通用问题",PROPERTY,"[""通用问题""]",0,1,1780193934284,1780193934284,30c30b28-89d0-4db8-bed4-7666b065355e,178280419468,0,30c30b28-89d0-4db8-bed4-7666b065355e_351
1569,"充电桩, 充电",CONTAINS,"亲，附近的汽车营地那边好像有，到时您可以搜索附近的充电桩导航","通用问题",PROPERTY,"[""通用问题""]",0,1,1780193934277,1780193934277,30c30b28-89d0-4db8-bed4-7666b065355e,178280419468,0,30c30b28-89d0-4db8-bed4-7666b065355e_348
1570,"独立卫生间",CONTAINS,"亲，房间里面没有配有独立的卫生间哦，卫生间同1楼层，两个房间共用哦，如果需要带独立卫生间的话，我可以给你推荐其他的哦","通用问题",PROPERTY,"[""通用问题""]",0,1,1780193934301,1780193934301,30c30b28-89d0-4db8-bed4-7666b065355e,178280419468,0,30c30b28-89d0-4db8-bed4-7666b065355e_359
1571,"唱歌到几点, 唱, 24小时唱歌, 唱到几点, 十点后能唱歌, 晚上唱歌, 唱歌很晚, 22点后唱歌, 包厢",CONTAINS,"24小时唱歌，如下操作
1、一楼客厅有卡拉OK，可唱歌到22：00
2、22点后可到3楼包厢（沙发不铺床，可作包厢使用）唱歌，避免影响邻居","通用问题",PROPERTY,"[""通用问题""]",0,1,1780193934269,1780193934269,30c30b28-89d0-4db8-bed4-7666b065355e,178280419468,0,30c30b28-89d0-4db8-bed4-7666b065355e_345
1572,"KTV, 卡拉OK, 唱歌, 唱歌到几点, 唱K到几点, 24小时唱歌, 唱到几点, 包厢",CONTAINS,"本栋带有美国杰宝品牌的卡拉OK，如需24小时唱歌请提前1天说明
24小时唱歌，操作如下：
1、一楼客厅有卡拉OK，唱歌唱到22：00；
2、22：00后若有唱歌需求，只能移步三楼带卡拉OK的房间；
 5房：参加活动免费升级
 6房：免费标配；","通用问题",PROPERTY,"[""通用问题""]",0,1,1780193934267,1780193934267,30c30b28-89d0-4db8-bed4-7666b065355e,178280419468,0,30c30b28-89d0-4db8-bed4-7666b065355e_344
1573,"抄牌",CONTAINS,"亲，自从有度假区以来，都没有抄牌；所有别墅超出一辆之外的都是停到马路边，不堵路就好，路很宽😊","通用问题",PROPERTY,"[""通用问题""]",0,1,1780193934282,1780193934282,30c30b28-89d0-4db8-bed4-7666b065355e,178280419468,0,30c30b28-89d0-4db8-bed4-7666b065355e_350
1574,"几人, 户型, 分布, 几张床, 床大小",CONTAINS,"【与隔壁栋互通花园及20米大泳池(隔壁栋空房时即独享)】
2、户型
   ★3房5床可住8-9人
  一楼:客厅(卡拉OK+麻将桌+电视)\餐厅厨房\花园(泳池+烧烤桌+休闲椅+空中滑滑梯）卫生间; 

   二楼：
           房间1(2-3人)[1.8米床+阳台]
            房间2(2人):[1.2米床+1.2米床]
              卫浴

 三楼:套房3(4人)[1.5米床+1.5米床+卫浴+露台+阳台]","通用问题",PROPERTY,"[""通用问题""]",0,1,1780193934280,1780193934280,30c30b28-89d0-4db8-bed4-7666b065355e,178280419468,0,30c30b28-89d0-4db8-bed4-7666b065355e_349
1575,"电烤, 烧烤, 炭, 碳, 明火, 烤炉, 炉",CONTAINS,"1、炭烧烤：免费提供炭烤炉（1.9米双炉炭烤桌中间配 80*40的炭烤炉和电烤盘），食物、调料、烤网等需自备；附近小卖部可送货上门，很方便。​
2、做饭及烧烤垃圾请自行清理至垃圾桶！保洁处理此类垃圾收费 200 元，建议自行处理，避免额外支出。","通用问题",PROPERTY,"[""通用问题""]",0,1,1780193934292,1780193934292,30c30b28-89d0-4db8-bed4-7666b065355e,178280419468,0,30c30b28-89d0-4db8-bed4-7666b065355e_355
1576,"加床",CONTAINS,"亲这个可以加床的哦！加一气垫床费用多100元哦！","通用问题",PROPERTY,"[""通用问题""]",0,1,1780193934214,1780193934214,30c30b28-89d0-4db8-bed4-7666b065355e,178280421786,0,30c30b28-89d0-4db8-bed4-7666b065355e_319
1577,"几点入住, 几点退房",CONTAINS,"1、【入住时间】14：00 【退房时间】次日12：00
2、若前一天无人居住，可以灵活入住时间，提前入住并且提前退房！（非正常入住时间 请提前告知，入住前一天23点房东会告知当天是否有人入住）
3、如需延时请提前说明（100元/小时计算），节假日不支持延时只按天计费！","通用问题",PROPERTY,"[""通用问题""]",0,1,1780193934194,1780193934194,30c30b28-89d0-4db8-bed4-7666b065355e,178280421786,0,30c30b28-89d0-4db8-bed4-7666b065355e_311
1578,"游戏机, 游戏, 街机",CONTAINS,"本栋带有街机，无需投币哦！机子里面的游戏随意玩哦！","通用问题",PROPERTY,"[""通用问题""]",0,1,1780193934200,1780193934200,30c30b28-89d0-4db8-bed4-7666b065355e,178280421786,0,30c30b28-89d0-4db8-bed4-7666b065355e_313
1579,"几层, 几楼, 户型, 户型分布, 几房, 几个房间, 独卫, 几个房, 房间, 床, 卫生间, 住多少人",CONTAINS,"亲,平台的介绍页面，有详细的户型说明！
4房5床1厅3卫2阳台，适合8-14人入住(1.8米床按3人算可住上限人数)
一楼：大厅(卡拉OK)、厨房(麻将、做饭、火锅)、花园(烧烤炉、秋千、儿童玩具)、卫生间
二楼(4-6)：卫浴
         房间1[1.8米床]
         房间2[1.8米床]
三楼(4-6人)：套房3[1.8米床+1.8米床+卫浴]
四楼(2人) :房间4[1.5米床](无单独门,复式楼层)
复式楼层:抵达房间经过三楼房间,与三楼房间共用门;正常的层高
※复式楼层:抵达房间经过三楼房间,与三楼房间共用门;正常的层高

;","通用问题",PROPERTY,"[""通用问题""]",0,1,1780193934191,1780193934191,30c30b28-89d0-4db8-bed4-7666b065355e,178280421786,0,30c30b28-89d0-4db8-bed4-7666b065355e_310
1580,"互通, 共用花园",CONTAINS,"互通：即花园无栅栏隔开，可相互走动；住户一般在自己别墅所在区块范围内的花园娱乐；当隔壁栋无人的情况为独享；反之共用泳池；

从目前用户使用情况来看，互不影响；经常不同栋的别墅用户相互串门分享不同的泳池设备呢！","通用问题",PROPERTY,"[""通用问题""]",0,1,1780193934225,1780193934225,30c30b28-89d0-4db8-bed4-7666b065355e,178280419468,0,30c30b28-89d0-4db8-bed4-7666b065355e_324
1581,"私家, 独享, 共用, 共享, 互通",CONTAINS,"✔︎别墅的花园、泳池是与隔壁栋互通，中间无任何隔开；理解为泳池是共享的； 除花园和泳池外，别墅的其他居住区域为独享的；

1、住户一般在自己别墅所在区块范围内的花园娱乐；从目前用户使用情况来看，互不影响；经常不同栋的别墅用户相互串门分享泳池呢！","通用问题",PROPERTY,"[""通用问题""]",0,1,1780193934238,1780193934238,30c30b28-89d0-4db8-bed4-7666b065355e,178280419468,0,30c30b28-89d0-4db8-bed4-7666b065355e_330
1582,"折扣, 优惠, 便宜, 价格低一些, 实惠, 贵, 价格高",CONTAINS,"大部份家电24年购买的，设备较新
1、卡拉OK是美国JBL品牌,音质较好；有隔音包厢，可24小时唱歌；
2、2.58米标准台球桌，电动麻+手搓备用（双麻将）
3、大面积别墅，大花园、2个大亭子+大遮阳伞无惧雨季暴晒；
4、厨房设备丰富；配有净水器；
5、恒温多功能热水泡池，SPA水疗 缓解疲劳
6、丰富的儿童玩具，“喷水城堡”可选
7、4张桌子32个椅子，人多适用
8、电动+手搓双麻将
9、炭烧烤桌比普通烧烤炉大，稳定方便

这个价格的话你可以横向对比，已经是很优惠了🌹","通用问题",PROPERTY,"[""通用问题""]",0,1,1780193934178,1780193934178,30c30b28-89d0-4db8-bed4-7666b065355e,178280421786,0,30c30b28-89d0-4db8-bed4-7666b065355e_305
1583,"娱乐, 设备, 玩, 麻将, 有什么",CONTAINS,"★娱乐项目:烧烤、火锅、麻将、泡池、20m超大泳池、儿童水上乐园(雨蘑菇,五锥倒水桶)、超炫七彩舞台灯光、KTV、滑滑梯


1、使用泳池提前1天说明
  ❮三角泡池❯：尺寸：3*2.3m
  ❮泳池❯：尺寸20*2.6*1.2m

【适用冬季】恒温泳池:第1晚1500.第2晚起1000/天[恒温水温30°C左右]
2、水上乐园设别于22:00关闭,避免扰民","通用问题",PROPERTY,"[""通用问题""]",0,1,1780193934186,1780193934186,30c30b28-89d0-4db8-bed4-7666b065355e,178280421786,0,30c30b28-89d0-4db8-bed4-7666b065355e_308
1584,"娱乐, 设备, 玩, 麻将, 有什么",CONTAINS,"★娱乐项目:烧烤、火锅、麻将、卡拉OK、泡温泉、20m超大泳池、超炫七彩舞台灯光、空间旋转滑滑梯、游戏机
1、使用泳池提前1天说明

  ❮三角泡池❯：尺寸：3*2.3m
  ❮泳池❯：尺寸20*2.6*1.2m
【冬季】恒温泳池:第1晚1500.第2晚起1000/天[恒温水温30°C左右]
——除泳池、泡池外,别墅内设备均免费使用!
2、22:00后遵守物业规定不扰民,22点前进行卡拉OK
3、水上乐园设别于22:00关闭,避免扰民","通用问题",PROPERTY,"[""通用问题""]",0,1,1780193934183,1780193934183,30c30b28-89d0-4db8-bed4-7666b065355e,178280421786,0,30c30b28-89d0-4db8-bed4-7666b065355e_307
1585,"包泳池, 送一次水, 送一池水, 水还要加钱, 也收费",CONTAINS,"1、服务是否包含在内，主要看定价；包含的项目越多，价格自然会更高。
2、像一些高能耗的娱乐项目，不是每位用户都需要，按需收费，让大家自主选择，这样也能享受到更实惠的价格。","通用问题",PROPERTY,"[""通用问题""]",0,1,1780193934235,1780193934235,30c30b28-89d0-4db8-bed4-7666b065355e,178280419468,0,30c30b28-89d0-4db8-bed4-7666b065355e_328
1586,"水上乐园, 水上设备",CONTAINS,"该套房源带有水上设备哦，水上设备的主要功能 倒水、喷水；水上乐园是平台取的名称；具体设备可查看平台图片哦！","通用问题",PROPERTY,"[""通用问题""]",0,1,1780193934220,1780193934220,30c30b28-89d0-4db8-bed4-7666b065355e,178280419468,0,30c30b28-89d0-4db8-bed4-7666b065355e_322
1587,"温泉, 泡温泉, 温泉池",CONTAINS,"亲，鹭湖那边没有真正的地下温泉，那里说的“温泉”都是普通的热水；均为热水器烧出来的热水哦！需要可以给您推荐带泡池的房源哦！","通用问题",PROPERTY,"[""通用问题""]",0,1,1780193934246,1780193934246,30c30b28-89d0-4db8-bed4-7666b065355e,178280419468,0,30c30b28-89d0-4db8-bed4-7666b065355e_334
1588,"循环用水, 旧的水, 旧水, 别人用过的水, 循环水, 重新加水, 放水",CONTAINS,"【循环用水】泳池有干净水可用； 开启水循环净化系统，杀菌、消毒、补水即可使用（鹭湖的私家泳池均为循环用水）

1、泳池自带水循环净化系统，不定期的换水，常规的消毒、杀菌维护确保水干净卫生可循环使用；循环水也是卫生干净的哦！

2、泳池均为循环用水，除非泡池不带净化系统才会一客一换的哦！

3、如果用户特殊要求全新换水，费用另算，具体查看『须知』的说明哦！","通用问题",PROPERTY,"[""通用问题""]",0,1,1780193934223,1780193934223,30c30b28-89d0-4db8-bed4-7666b065355e,178280419468,0,30c30b28-89d0-4db8-bed4-7666b065355e_323
1589,"儿童玩, 小孩子玩, 小孩子",CONTAINS,"(平常收起来不打开，用户需要会放水)
儿童欢乐泳池（塑料， 2.6*1.6*0.8），包含水枪、泡泡球、坐骑等，按需收费，需要请提前1天说明，另加150;","通用问题",PROPERTY,"[""通用问题""]",0,0,1780193934215,1780193934215,30c30b28-89d0-4db8-bed4-7666b065355e,178280421786,0,30c30b28-89d0-4db8-bed4-7666b065355e_320
1590,"押金, 收押金, 需要收押金吗",CONTAINS,"线下收押金1000元,遵守入住守则,不搞破坏脏乱差,退房后;管家检查没有问题原路退还的哦!","通用问题",PROPERTY,"[""通用问题""]",0,1,1780193934161,1780193934161,30c30b28-89d0-4db8-bed4-7666b065355e,178280421786,0,30c30b28-89d0-4db8-bed4-7666b065355e_297
1591,"独立别墅, 独享整个房源, 独栋别墅, 私家, 独享, 共用",CONTAINS,"亲，您看的这栋别墅，只有入住的用户才能独享这栋别墅的专有配套设施哦！","通用问题",PROPERTY,"[""通用问题""]",0,1,1780193934147,1780193934147,30c30b28-89d0-4db8-bed4-7666b065355e,178280421786,0,30c30b28-89d0-4db8-bed4-7666b065355e_289
1592,"兜底回复",CONTAINS,"亲,房东路上开车中,10分钟后马上回您消息哦!","通用问题",PROPERTY,"[""通用问题""]",0,0,1780193934095,1780193934095,30c30b28-89d0-4db8-bed4-7666b065355e,178280423884,0,30c30b28-89d0-4db8-bed4-7666b065355e_267
1593,"几层, 几楼, 户型, 户型分布, 几房, 几个房间, 独卫, 几个房, 房间, 床, 卫生间, 厕所",CONTAINS,"4房5床1厨3卫 可住8-10人(1.8米床住3人算-可住10人)
22年下半年装修,家具家电新颖
一楼:客厅(KTV+麻将)、厨房(做饭、火锅)、卫生间、花园(炭烧烤)、停车位

二楼(4-6人):卫浴 
              房间1[1.8米床]
              房间2[1.8米床]       
             
三楼(2人):套房2[1.2米床+1.2米床+卫浴]

四楼(2人):房间3[1.5米床]+露台(无单独门,复式楼层)
复式楼层:抵达房间经过三楼房间,与三楼房间共用门;正常的层高;","通用问题",PROPERTY,"[""通用问题""]",0,1,1780193934143,1780193934143,30c30b28-89d0-4db8-bed4-7666b065355e,178280421786,0,30c30b28-89d0-4db8-bed4-7666b065355e_287
1594,"长租, 一个月多少钱",CONTAINS,"亲,可以,直接选择租期,平台上会展示对应日期优惠后的价格哦！","通用问题",PROPERTY,"[""通用问题""]",0,1,1780193934124,1780193934124,30c30b28-89d0-4db8-bed4-7666b065355e,178280421786,0,30c30b28-89d0-4db8-bed4-7666b065355e_280
1595,"ktv唱到几点, 唱歌唱几点, 唱歌时间, 唱歌到10点, K歌到几点, 唱歌, KTV, 卡拉OK, K歌能到几点, 唱歌到几点, 唱歌有没有时间限制, K歌, 歌",CONTAINS,"物业要求22:00后不能扰民,请于22点前进行ktv;
22点后避免扰民哦! 整个鹭湖都是这样规定的哦!","通用问题",PROPERTY,"[""通用问题""]",0,1,1780193934131,1780193934131,30c30b28-89d0-4db8-bed4-7666b065355e,178280421786,0,30c30b28-89d0-4db8-bed4-7666b065355e_282
1596,"有麻将, 有烧烤, 火锅, 电池炉",CONTAINS,"亲,您看的这一栋带有卡拉OK、烧烤(炭烧烤炉)、麻将(麻将机)、火锅（电磁炉）","通用问题",PROPERTY,"[""通用问题""]",0,1,1780193934110,1780193934110,30c30b28-89d0-4db8-bed4-7666b065355e,178280421786,0,30c30b28-89d0-4db8-bed4-7666b065355e_273
1597,"温泉, 泡温泉, 别墅里面有温泉吗, 泡池, 汤, 汤池",CONTAINS,"这栋别墅带有泡池,可泡私汤（普通热水）.考虑部份用户不用,按需收费;

使用泡池:150元一池水哦! 

确定用，直接付费给房东并提前协商好放水时间哦!
尽量16:00前确定好放水的时间,以免太晚影响使用","通用问题",PROPERTY,"[""通用问题""]",0,1,1780193934164,1780193934164,30c30b28-89d0-4db8-bed4-7666b065355e,178280421786,0,30c30b28-89d0-4db8-bed4-7666b065355e_298
1598,"私家, 独享, 共用, 共享, 互通",CONTAINS,"是的哦,仅住该栋的别墅的人,才可以用该泳池哦!","通用问题",PROPERTY,"[""通用问题""]",0,1,1780193934159,1780193934159,30c30b28-89d0-4db8-bed4-7666b065355e,178280421786,0,30c30b28-89d0-4db8-bed4-7666b065355e_296
1599,"花园, 院子, 户外, 烧烤的地方, 在哪烧烤",CONTAINS,"亲,别墅都带有私家花园的,方便用户娱乐!","通用问题",PROPERTY,"[""通用问题""]",0,1,1780193934115,1780193934115,30c30b28-89d0-4db8-bed4-7666b065355e,178280421786,0,30c30b28-89d0-4db8-bed4-7666b065355e_275
1600,"折扣, 优惠, 便宜, 价格低一些, 实惠, 贵, 价格高",CONTAINS,"亲,这一栋是大面积310m²+大泳池哦!价格已是最低了,低价走量才有这个价格;每个房间都是独立的,
2022年装修,设备较新,音响美国知名品牌,音质特别好,居家设备很全连净水器都有
空调全新换过制冷或制热效果好哦！","通用问题",PROPERTY,"[""通用问题""]",0,0,1780193934155,1780193934155,30c30b28-89d0-4db8-bed4-7666b065355e,178280421786,0,30c30b28-89d0-4db8-bed4-7666b065355e_293
1601,"几层, 几楼, 户型, 户型分布, 几房, 几个房间, 独卫, 几个房, 房间, 床, 卫生间, 厕所",CONTAINS,"1、大型儿童水上乐园(滑滑梯,大水桶,喷水花)
    卡拉OK、炭烤架、麻将桌、温泉泡池、火锅(电磁炉+汤锅)、超炫七彩舞台灯光

2、户型:
    4房7床3卫1厨房,面积213,可住13人
 一楼:客厅(卡拉OK+麻将桌+电视)\餐厅厨房\花园(烧烤架+休闲椅+泡池+儿童水上乐园）卫生间; 

二楼：房间1(4人):[1.5米+1.5床]
          房间2(4人)[1.5米床+1.5米床]
         卫浴
三楼:房间3(4人)[1.5米床+1.5+卫浴+双阳台+露台]

四楼:房间4(1人)[1.2米床](无单独门,复式楼层)
        大露台
       复式楼层:抵达房间经过三楼房间,与三楼房间共用门;正常的层高;","通用问题",PROPERTY,"[""通用问题""]",0,1,1780193934145,1780193934145,30c30b28-89d0-4db8-bed4-7666b065355e,178280421786,0,30c30b28-89d0-4db8-bed4-7666b065355e_288
1602,"价格多少, 价格, 周六的是多少钱, 多少钱一晚, 几钱, 价钱, 钱",CONTAINS,"亲,请选择入住日期,平台上就会显示对应实际支付价格,您看到的价格叠加各种优惠,比我看到的更优惠,以您看到的价格为准;","通用问题",PROPERTY,"[""通用问题""]",0,1,1780193934098,1780193934098,30c30b28-89d0-4db8-bed4-7666b065355e,178280423884,0,30c30b28-89d0-4db8-bed4-7666b065355e_268
1603,"几层, 几楼, 户型, 户型分布, 几房, 几个房间, 独卫, 几个房, 房间, 床, 卫生间, 厕所",CONTAINS,"1、娱乐设施全: KTV、麻将、炭烤架、火锅、泡温泉(当前价格不包含)
                        水上乐园(五锥倒水桶)、空中滑滑梯、圆形秋千、小船
3、户型
     3房5床3卫1厨房,可住9人 泳池(3米*6米) 泡池(直径2.7米,当前价格不包含)
    一楼:客厅(KTV+麻将桌+电视)\餐厅厨房\花园(烧烤架+休闲椅+空中滑滑梯+圆形      秋千+泳池）卫生间; 

   二楼：房间1(4人):[1.5米+1.5米床]
          房间2(2人)[1.2米床+1.2米床+阳台]
          卫浴

三楼:套房3(2-3人)[1张1.8米床+卫浴+阳台]","通用问题",PROPERTY,"[""通用问题""]",0,1,1780193934166,1780193934166,30c30b28-89d0-4db8-bed4-7666b065355e,178280421786,0,30c30b28-89d0-4db8-bed4-7666b065355e_299
1604,"超市, 买菜, 买东西, 购物, 市场, 商业, 购买, 便利店, 小店, 小卖部, 买, 食材",CONTAINS,"购物方式如下:
1\园区内小卖部送货上门服务;
2\安纳希小镇商业街上有超市消费会高一些
3\附近三公理之内有对川农贸市场哦，人和市场! 杨和市场海鲜会多一些
5\外卖也可送货到岗亭自取(岗停离别墅距离50米以内)，有些是能直接送到房子门口的哦！","通用问题",PROPERTY,"[""通用问题""]",0,1,1780193934149,1780193934149,30c30b28-89d0-4db8-bed4-7666b065355e,178280421786,0,30c30b28-89d0-4db8-bed4-7666b065355e_290
1605,"钓鱼, 调鱼, 掉鱼",CONTAINS,"附近有免费和付费钓鱼休闲农庄都有;免费的茶园附近河边，高明河附近；具体的话你要实体去考察或者线上找一下定位
付费的名丰休闲钓鱼厂(4小时100元自费的)","通用问题",PROPERTY,"[""通用问题""]",0,1,1780193934134,1780193934134,30c30b28-89d0-4db8-bed4-7666b065355e,178280421786,0,30c30b28-89d0-4db8-bed4-7666b065355e_283
1606,"不过夜, 白天玩, 晚上不住, 不睡",CONTAINS,"入住14:00到退房12:00之间可自由安排。
若超出该时段：
 
- 平时按100元/小时收费；
- 周末需和房东另行商量。
（注：超时居住会导致房东多空出对应日期一天。）
 
另外，可在入住前一天晚上10点确认次日是否有人入住，若无人入住，允许提前入住并提前退房。","通用问题",PROPERTY,"[""通用问题""]",0,1,1780193934142,1780193934142,30c30b28-89d0-4db8-bed4-7666b065355e,178280421786,0,30c30b28-89d0-4db8-bed4-7666b065355e_286
1607,"地址",CONTAINS,"平台要求下单后才能查看地址哦!下完单后平台就有了,没下单之前发相关信息受限的哦!","通用问题",PROPERTY,"[""通用问题""]",0,1,1780193934101,1780193934101,30c30b28-89d0-4db8-bed4-7666b065355e,178280423884,0,30c30b28-89d0-4db8-bed4-7666b065355e_269
1608,"餐厅, 吃饭的地方, 吃饭, 饭店, 农家乐, 美食, 吃",CONTAINS,"- 您可搜索附近的餐厅或农家乐
- 安纳希小镇商业街上有多家餐厅
- 附近有知名的园林餐厅
- 度假区内设有花园餐厅
- 具体餐厅信息可在餐饮平台搜索查询哦","通用问题",PROPERTY,"[""通用问题""]",0,1,1780193934126,1780193934126,30c30b28-89d0-4db8-bed4-7666b065355e,178280421786,0,30c30b28-89d0-4db8-bed4-7666b065355e_281
1609,"地址, 位置, 定位",CONTAINS,"亲,后续房东会发您哦!  您平台上也可以查看哦!","通用问题",PROPERTY,"[""通用问题""]",0,1,1780193934103,1780193934103,30c30b28-89d0-4db8-bed4-7666b065355e,178280423884,0,30c30b28-89d0-4db8-bed4-7666b065355e_270
1610,"几层, 几楼, 户型, 户型分布, 几房, 几个房间, 独卫, 几个房, 房间, 床, 卫生间, 厕所",CONTAINS,"【大泳池、花园与隔壁栋互通，隔壁栋无人住为独享】
 
【户型】
★6房8床1厨 3个卫生间+2个男士洗手间 可住14-16人
 
- 一楼：客厅(卡拉OK+麻将桌+电视)、餐厅厨房、花园(泳池+烧烤桌+休闲椅)、卫生间
- 二楼：
- 房间1(2-3人)：1.8米床+阳台
- 房间2(3-4人)：1.2米床+1.8米床
- 卫浴
- 三楼：房间3(4人)：1.5米床+1.5米床+卫浴+露台+阳台
- 四楼：
- 房间4(1人)：[1.2米床，复式楼层，抵达需经过三楼房间，与三楼房间共用门，正常层高]（无单独门）
- 房间5(2人)：1.5米床
- （房间5外）男士洗手间
- 房间6(2人)：1.5米床
- （房间6外）男士洗手间","通用问题",PROPERTY,"[""通用问题""]",0,1,1780193934169,1780193934169,30c30b28-89d0-4db8-bed4-7666b065355e,178280421786,0,30c30b28-89d0-4db8-bed4-7666b065355e_301
1611,"发不了, 发不了图片, 发不出去, v, +v, 微信, 电话",CONTAINS,"亲,平台要求下单后发信息才不受限,否则很多信息发不了,会以敏感信息卡住发不了哦!","通用问题",PROPERTY,"[""通用问题""]",0,1,1780193934122,1780193934122,30c30b28-89d0-4db8-bed4-7666b065355e,178280421786,0,30c30b28-89d0-4db8-bed4-7666b065355e_279
1612,"泳池, 游水, 游泳, 恒温, 游泳池, 泳池收费, 泳池额外收费, 泳池费",CONTAINS,"【常温泳池】7-8月、长假（不含末日）免费开放（仅限循环用水），其它日期 ：循环用水（大泳池200/晚+水上乐园150/晚），全新加水500/次
 ※🌷当泳池为干池或水质不宜循环用时，只能全新加水；可提前1天与房东确认水质情况，自由选择； 
【恒温泡池】：默认不使用，使用150一池热水，恒温2小时加上余温可用4小时；
【尺寸】
大泳池：3.5*8*1.33m，实际水深1-1.2m
正方型泡池：200*200*80cm
儿童池：4*3.4*0.7m","通用问题",PROPERTY,"[""通用问题""]",0,1,1780193934121,1780193934121,30c30b28-89d0-4db8-bed4-7666b065355e,178280421786,0,30c30b28-89d0-4db8-bed4-7666b065355e_278
1613,"实地看房",CONTAINS,"亲,咱们这边不支持实地看房哦!平台的照片就是实拍的哦!
平台上有视频，可以查看平台视频的哦！
实地看房子之后我们要考虑到下一个入住用户的卫生,就要请保洁过去清理比较麻烦的哦!","通用问题",PROPERTY,"[""通用问题""]",0,1,1780193934051,1780193934051,30c30b28-89d0-4db8-bed4-7666b065355e,178280423884,0,30c30b28-89d0-4db8-bed4-7666b065355e_250
1614,"连住优惠, 住多天优惠, 住两天, 连住",CONTAINS,"连住都有一定优惠,您可以选择多天看总价;与您一天一天选择的价格总和是不一样的哦","通用问题",PROPERTY,"[""通用问题""]",0,1,1780193934041,1780193934041,30c30b28-89d0-4db8-bed4-7666b065355e,178280423884,0,30c30b28-89d0-4db8-bed4-7666b065355e_244
1615,"景点, 周边有什么可玩的, 附近, 景区, 周边",CONTAINS,"景点：白鹭湖生态保护区（免费）、盈香生态园(水上乐园),森林探索王国水世界 (玩到21:30)、半山温泉、安纳希小镇（免费）、爱丽丝仙境花海、鹭湖汽车营地、越野车体验基地、国际路亚基地、鹭湖茶景园、绿野农场、悍雪小镇（滑雪）、银海高尔夫球场;--仅供参考,具体以实际为准!
别墅在度假区里面,离景区的距离几十米---1km不等哦!","通用问题",PROPERTY,"[""通用问题""]",0,1,1780193934031,1780193934031,30c30b28-89d0-4db8-bed4-7666b065355e,178280423884,0,30c30b28-89d0-4db8-bed4-7666b065355e_239
1616,"退订",CONTAINS,"亲可以查看平台规则,不同房源的规则不一定；
如果有参加平台不能退订的优惠，下单了就不能退订；
如果没有参加一般提前一天退订的，这个具体看平台规则或是咨询一下平台，这个不是我决定，平台说的算哦！
也可以直接看下单的详细说明一般都有这个说明的哦!","通用问题",PROPERTY,"[""通用问题""]",0,1,1780193934033,1780193934033,30c30b28-89d0-4db8-bed4-7666b065355e,178280423884,0,30c30b28-89d0-4db8-bed4-7666b065355e_240
1617,"干净, 卫生",CONTAINS,"房子是专业保洁在维护的哦!都比较干净卫生的哦!","通用问题",PROPERTY,"[""通用问题""]",0,1,1780193934079,1780193934079,30c30b28-89d0-4db8-bed4-7666b065355e,178280423884,0,30c30b28-89d0-4db8-bed4-7666b065355e_261
1618,"退押金",CONTAINS,"亲，管家查完房确认无问题，押金统一于当日18点前结算退还！🌹","通用问题",PROPERTY,"[""通用问题""]",0,1,1780193933996,1780193933996,30c30b28-89d0-4db8-bed4-7666b065355e,178280425848,0,30c30b28-89d0-4db8-bed4-7666b065355e_220
1619,"入住检查",CONTAINS,"🚩温馨提醒—-【入住检查】👀🔎
1、房间、床铺卫生是否干净；一次性洗漱用品是否够用；
2、设备是否正常可用（KTV、麻将、电视），电视柜抽屉蚊香是够用；
如果问题请及时反馈！以免太晚发现问题，给您带来不好的度假体验哦！","通用问题",PROPERTY,"[""通用问题""]",0,1,1780193934006,1780193934006,30c30b28-89d0-4db8-bed4-7666b065355e,178280423884,0,30c30b28-89d0-4db8-bed4-7666b065355e_225
1620,"延迟-付款-避免重订",CONTAINS,"您好，延迟退房（100元/栋/小时），如需延迟确认好时间，支付相关费用；我立即关房，避免后续客人下单、保洁来不及，谢谢理解。🌹","通用问题",PROPERTY,"[""通用问题""]",0,1,1780193933986,1780193933986,30c30b28-89d0-4db8-bed4-7666b065355e,178280425848,0,30c30b28-89d0-4db8-bed4-7666b065355e_215
1621,"阿凤入住",CONTAINS,"群名称为【入住日期+门牌号】后续由阿凤来安排哦,有任何入住的问题都可以找阿凤哦! @雅致","通用问题",PROPERTY,"[""通用问题""]",0,1,1780193934011,1780193934011,30c30b28-89d0-4db8-bed4-7666b065355e,178280423884,0,30c30b28-89d0-4db8-bed4-7666b065355e_228
1622,"无隐形消费",CONTAINS,"您放心，平台“入住须知”里写清了所有消费项目，没有隐藏收费。没提到的都是免费的，付费项目平时碰不到，不会误用！","通用问题",PROPERTY,"[""通用问题""]",0,1,1780193934001,1780193934001,30c30b28-89d0-4db8-bed4-7666b065355e,178280425848,0,30c30b28-89d0-4db8-bed4-7666b065355e_222
1623,"问题-须知",CONTAINS,"亲，在平台入住须知，有相关的详细说明哦；","通用问题",PROPERTY,"[""通用问题""]",0,1,1780193933998,1780193933998,30c30b28-89d0-4db8-bed4-7666b065355e,178280425848,0,30c30b28-89d0-4db8-bed4-7666b065355e_221
1624,"订单被取消",CONTAINS,"亲,不能给您提供满意服务深感抱歉;方便告知一下具体原因吗?便于我们更好的改进并服务 !","通用问题",PROPERTY,"[""通用问题""]",0,1,1780193934018,1780193934018,30c30b28-89d0-4db8-bed4-7666b065355e,178280423884,0,30c30b28-89d0-4db8-bed4-7666b065355e_232
1625,"暑假高峰保洁2小时勿提早到",CONTAINS,"尊敬的客人，温馨提醒：暑假高峰期间，客房12点退房后需2小时保洁，最早14点入住。天热请别早到哦😥，以免在外等候哦~","通用问题",PROPERTY,"[""通用问题""]",0,1,1780193933990,1780193933990,30c30b28-89d0-4db8-bed4-7666b065355e,178280425848,0,30c30b28-89d0-4db8-bed4-7666b065355e_217
1626,"方姐安排入住",CONTAINS,"您入住湖山揽墅6街29号由方姐安排,后续任何与入住相关的问题都可以找方姐哦! @万事随心","通用问题",PROPERTY,"[""通用问题""]",0,1,1780193934015,1780193934015,30c30b28-89d0-4db8-bed4-7666b065355e,178280423884,0,30c30b28-89d0-4db8-bed4-7666b065355e_230
1627,"微信未回打电话信号差多打几次",CONTAINS,"【温馨提示】未回复-电话
微信未及时回复，事情较急的可以打管家或房东电话哦！度假区手机信号不稳定，常出现电话打不通或提示通话中；非不接电话，多打几次即可！ 
☎️管家苏棋：15207997770 
☎️房东阿波:13622686843","通用问题",PROPERTY,"[""通用问题""]",0,1,1780193933973,1780193933973,30c30b28-89d0-4db8-bed4-7666b065355e,178280425848,0,30c30b28-89d0-4db8-bed4-7666b065355e_208
1628,"恒温泡池收费",CONTAINS,"💰恒温冲浪水疗泡池按需收费【不用无相关费用】--平台“须知”有详细 说明：
1、150元/池水（普通热水，恒温功能开2小时+余温可用约4小时），仅限晴天使用；
2、若用请提前一天说明，并确认好使用时间，太晚工作人员下班无法使用哦！

免费送1份中药，配合泡池使用体验瑶浴，可去湿、提高免疫、缓解疲劳🥰","通用问题",PROPERTY,"[""通用问题""]",0,1,1780193933937,1780193933937,30c30b28-89d0-4db8-bed4-7666b065355e,178280425848,0,30c30b28-89d0-4db8-bed4-7666b065355e_189
1629,"周六送泡池",CONTAINS,"1、周六泡池免费送一池普通热水（仅限晴天），恒温2小时，使用请提前1天确认好使用时间；
2、该季节天气寒冷，泳池暂不开放；","通用问题",PROPERTY,"[""通用问题""]",0,1,1780193933941,1780193933941,30c30b28-89d0-4db8-bed4-7666b065355e,178280425848,0,30c30b28-89d0-4db8-bed4-7666b065355e_191
1630,"泳池泡池收费",CONTAINS,"考虑用户不一定细看，平台#须知#，涉及费用特别说明；不用无相关费用哦！

💰按需收费（不用无相关费用）--平台“须知”有详细 说明：
【常温泳池】循环用水（鹭湖包泳池均这种方式）：300/晚  全新加水：500/次

【泡池】200/池水（普通热水）恒温2小时+余温约可用4小时；使用请提前1天说明，否则来不及准备！

恒温泡池：
1、多功能（冲浪、按摩功 、SPA水疗）缓解疲劳
2、自动循环过滤、消毒杀菌；多人使用保持干净卫生
3、  恒温40°C，寒冬也很热","通用问题",PROPERTY,"[""通用问题""]",0,1,1780193933943,1780193933943,30c30b28-89d0-4db8-bed4-7666b065355e,178280425848,0,30c30b28-89d0-4db8-bed4-7666b065355e_192
1631,"次日无客免费延半小时",CONTAINS,"亲， 如果第二天没有客人下单的情况下，可以延迟个半个小时退房，太晚的话就不行；太晚了保洁会来不及，第二天就没办法接待客人；谢谢理解🌹；或者您这边需要付费延迟，可提前说明，我这边好提前关房，避免客人误定哦；","通用问题",PROPERTY,"[""通用问题""]",0,1,1780193933976,1780193933976,30c30b28-89d0-4db8-bed4-7666b065355e,178280425848,0,30c30b28-89d0-4db8-bed4-7666b065355e_210
1632,"夏天泡池不开放",CONTAINS,"“您好，夏季泡池默认不开放，若有需要，需另收费哦~”","通用问题",PROPERTY,"[""通用问题""]",0,1,1780193933934,1780193933934,30c30b28-89d0-4db8-bed4-7666b065355e,178280425848,0,30c30b28-89d0-4db8-bed4-7666b065355e_188
1633,"泡池收费",CONTAINS,"【泡池】默认不使用，使用150元一池普通热水，仅限晴天使用；

※若用，请于入住当天16：00前与房东确认好放水的时间 ；以免太晚了工作人员下班无法使用！","通用问题",PROPERTY,"[""通用问题""]",0,1,1780193933925,1780193933925,30c30b28-89d0-4db8-bed4-7666b065355e,178280425848,0,30c30b28-89d0-4db8-bed4-7666b065355e_183
1634,"泡池免费",CONTAINS,"泡池免费送一池热水哦🌹","通用问题",PROPERTY,"[""通用问题""]",0,1,1780193933927,1780193933927,30c30b28-89d0-4db8-bed4-7666b065355e,178280425848,0,30c30b28-89d0-4db8-bed4-7666b065355e_184
1635,"循环150",CONTAINS,"泳池150元/天（仅限循环用水），水干净卫生","通用问题",PROPERTY,"[""通用问题""]",0,1,1780193933940,1780193933940,30c30b28-89d0-4db8-bed4-7666b065355e,178280425848,0,30c30b28-89d0-4db8-bed4-7666b065355e_190
1636,"泳池关用泡池",CONTAINS,"天气寒冷，泳池暂不开放，建议选择热水泡池","通用问题",PROPERTY,"[""通用问题""]",0,1,1780193933922,1780193933922,30c30b28-89d0-4db8-bed4-7666b065355e,178280425848,0,30c30b28-89d0-4db8-bed4-7666b065355e_181
1637,"恒温成本高选泡池",CONTAINS,"恒温泳池加热和设备运行成本很高，当前定价仅够覆盖基础成本，成本太高，如果咱们人数不算多，建议选泡池，价格低，水更热；","通用问题",PROPERTY,"[""通用问题""]",0,1,1780193933932,1780193933932,30c30b28-89d0-4db8-bed4-7666b065355e,178280425848,0,30c30b28-89d0-4db8-bed4-7666b065355e_187
1836,"酒店保洁 额外保洁费",CONTAINS,"亲，整个鹭湖度假区要求都一样哦！酒店保洁不涉及做饭、烧烤并且收费较高；为避免给您带来额外的费用，房东希望您顺手自行清理。[玫瑰]
 要求不高，垃圾放入垃圾桶，餐厨具使用后清洗干净放回原位；🧡","",ALL,[],0,1,1782719368694,1782719368694,30c30b28-89d0-4db8-bed4-7666b065355e,178280419468,0,
1840,"酒店保洁 额外保洁费",CONTAINS,"亲，整个鹭湖度假区要求都一样哦！酒店保洁不涉及做饭、烧烤并且收费较高；为避免给您带来额外的费用，房东希望您顺手自行清理。[玫瑰]
 要求不高，垃圾放入垃圾桶，餐厨具使用后清洗干净放回原位；🧡","",ALL,[],0,1,1782719368694,1782719368694,30c30b28-89d0-4db8-bed4-7666b065355e,178280419468,0,30c30b28-89d0-4db8-bed4-7666b065355e_1836
1841,"酒店保洁",CONTAINS,"酒店保洁服务范围仅包含客房常规清洁，不提供烹饪、烧烤后的油污、食物残渣清理；如需做饭、烧烤，须自行清理垃圾到垃圾桶，否则可能会产生额外的保洁费用哦🌹🌹🌹","",ALL,[],0,1,1782719729962,1782719729962,30c30b28-89d0-4db8-bed4-7666b065355e,178280419468,0,
1847,"酒店保洁",CONTAINS,"酒店保洁服务范围仅包含客房常规清洁，不提供烹饪、烧烤后的油污、食物残渣清理；如需做饭、烧烤，须自行清理垃圾到垃圾桶，否则可能会产生额外的保洁费用哦🌹🌹🌹","",ALL,[],0,1,1782719729962,1782719729962,30c30b28-89d0-4db8-bed4-7666b065355e,178280419468,0,30c30b28-89d0-4db8-bed4-7666b065355e_1841
